notice,name,entity,permco,dt_start,dt_end
"The PERMCOs displayed herein are used with the permission of the Center for Research in Security Prices (CRSP®), Graduate School of Business, The University of Chicago. PERMCO® is a registered trademark of The University of Chicago.",,,,,
"The University of Chicago and CRSP make no warranty of any kind, express or implied, with respect to the validity, merchantability, fitness, condition, use or appropriateness of the PERMCOs or the links to the PERMCOs displayed herein.",,,,,
,Arizona Bancwest Corp,1139710,21,19860630,19861031
,Amsouth Bancorporation,1078604,25,19860630,20061104
,American Express Company,1275216,90,19860630,20161231
,"Affiliated Bankshares Of Colorado, Inc.",1049734,94,19860630,19921030
,American First Corp,1064894,96,19860630,19900831
,American Fletcher Corp,1200432,106,19860630,19870130
,American Heritage Life Invs,1080214,124,19860630,19980618
,American International Group,1562176,137,19860630,20161231
,Allied Bancshares Inc-Tx,1101632,151,19860630,19880128
,American Bancorporation,1068623,196,19860630,20020301
,Ameritrust Corporation,1070082,253,19860630,19920313
,"Meridian Bancorp, Inc.",1023060,302,19860630,19960410
,Associated Banc-Corp,1199563,362,19860630,20161231
,American Security Corp,1073298,367,19860630,19870331
,Bankamerica Corporation,1026016,437,19860630,19980930
,"Baybanks, Inc.",1110344,461,19860630,19980730
,"Popular, Inc.",1129382,475,19860630,20161231
,Firstar Corporation Of Iowa,1200197,525,19860630,19910429
,Mid-America Bancorp,1098095,543,19860630,20020309
,Bank South Corporation,1079638,550,19860630,19960109
,Bb&T Financial Corporation,1074790,582,19860630,19950301
,"Barnett Banks, Inc.",1076776,586,19860630,19980109
,Bank Of Hawaii Corporation,1025309,589,19860630,20161231
,"First United Bank Group, Inc.",2033721,590,19900101,19940114
,"Boatmen'S Bancshares, Inc.",1093586,594,19860630,19970107
,Bancoklahoma Corp,1052668,599,19860630,19910606
,Bank One Corporation,1068294,606,19860630,20040701
,"Brenton Banks, Inc.",1199460,632,19860630,20051221
,Central Bancorporation-Ohio,1068687,764,19860630,19880229
,Commercial Bancorporation Of Colorado,1020331,775,19860630,19940325
,"Commerce Bancshares, Inc.",1049341,779,19860630,20161231
,"Compass Bankcshares, Inc.",1078529,780,19860630,20070928
,Synovus Financial Corp.,1078846,781,19860630,20161231
,Continental Bancorp-Pa,1116926,782,19860630,19870130
,Ccb Financial Corporation,1076039,786,19860630,20000705
,Countrywide Financial Corporation,2549857,796,19880525,20080731
,"Cullen/Frost Bankers, Inc.",1102367,840,19860630,20161231
,Union Bank,212465,841,19860630,19960331
,Unionbancal Corporation,1378434,841,19960401,20081128
,"Central Fidelity Banks, Inc.",1074875,842,19860630,19971215
,Citizens Fidelity Corp,1094499,844,19860630,19870226
,Citytrust Bancorp Inc,1040740,923,19860630,19910830
,Central Jersey Bancorp,1133736,927,19860630,19950114
,"Community National Bancorp, Inc",1248797,988,19880527,19911114
,Chittenden Corporation,1114605,991,19860630,20080101
,First Commercial Corporation,1096523,1021,19860630,19980801
,"Colorado National Bankshares, Inc.",1049154,1036,19860630,19930528
,Citizens And Southern Corporation,1076918,1148,19860630,19900831
,"First Banks America, Inc.",1103524,1168,19860630,20021231
,City National Corporation,1027518,1194,19860630,20151030
,Dauphin Deposit Corporation,1116702,1248,19860630,19970708
,Comerica Incorporated,1199844,1261,19860630,20161231
,Deposit Guaranty Corp.,1079946,1292,19860630,19980501
,First Union Corporation Of Virginia,1072291,1338,19860630,19930301
,Equitable Bancorporation,1020452,1457,19860630,19900117
,Eldorado Bancorp,1029035,1496,19860630,19970630
,Regions Financial Corporation,1078332,1620,19860630,20040630
,Regions Financial Corporation,3242838,1620,20040701,20161231
,First Of America Bank Corporation,1199648,1621,19860630,19980401
,First American Corporation,1078426,1636,19860630,19991001
,U.S. Bancorp,1119794,1645,19860630,20161231
,Trustmark Corporation,1079562,1658,19860630,20161231
,"First Commercial Bancorp, Inc.",1028355,1666,19860630,19980130
,Louisiana Banc One Corporation,1080371,1668,19860630,19981116
,M&T Bank Corporation,1037003,1689,19860630,20161231
,"First Florida Banks, Incorporated",1020229,1695,19860630,19921207
,Bancwest Corporation,1025608,1718,19860630,20011231
,Interfirst Corp,1100886,1721,19860630,19870606
,Fifth Third Bancorp,1070345,1741,19860630,20161231
,First Jersey National Corp,1035166,1746,19860630,19880229
,First Kentucky National,1095311,1751,19860630,19880729
,Allfirst Financial Inc,1074660,1776,19860630,19890331
,F & M National Corporation,1074567,1782,19860630,20010810
,Star Banc Corporation,1070251,1788,19860630,19981119
,Firstar Corporation,2724645,1788,19981120,20010226
,Florida Natl Banks Of Fla,1078239,1792,19860630,19900128
,"Boatmen'S Sunwest, Inc.",1049921,1799,19860630,19920930
,Intrawest Financial Corp,1049510,1805,19860630,19870430
,First Railrd & Banking Co-Ga,1079281,1837,19860630,19861031
,Fourth Financial Corporation,1053441,1839,19860630,19960131
,First Security Corporation,1024058,1846,19860630,20030730
,First Horizon National Corporation,1094640,1856,19860630,20161231
,Centerre Bancorporation,1093773,1865,19860630,19881208
,Wachovia Corporation,1073551,1869,19860630,20081231
,Arrow Financial Corporation,1048812,1940,19860630,20161231
,First Regional Bancorp,1029428,2026,19860630,20090930
,Huntington Bancshares Incorporated,1068191,2093,19860630,20161231
,Hibernia Corporation,1078921,2141,19860630,20051116
,Shawmut National Corporation,1248902,2171,19880229,19951201
,Hudson United Bancorp,1048625,2231,19860630,20060201
,Hawkeye Bancorporation,1199536,2237,19860630,19960102
,Horizon Bancorp,1034888,2249,19860630,19890131
,Imperial Bancorp,1027602,2252,19860630,20010130
,Westamerica Bancorporation,1025541,2253,19860630,20161231
,"Independent Bankshares, Inc.",1104576,2258,19860630,20050304
,Inb Financial Corporation,1201475,2342,19860630,19921014
,"Corus Bankshares, Inc.",1200393,2343,19860630,20090630
,"Jefferson Bancorp, Inc.",1078163,2439,19860630,19970103
,"Jefferson Bankshares, Inc.",1074923,2440,19860630,19971101
,Keycorp,1034806,2535,19860630,19940301
,Keycorp,1068025,2535,19940302,20161231
,"Liberty Bancorp, Inc.",1066544,2655,19860630,19970601
,Banc One Kentucky Corporation,1096185,2687,19860630,19980228
,Landmark Bancshares Corporation,1118582,2691,19860630,19911220
,"Merchants New York Bancorp, Inc.",2023012,2795,19900101,20010120
,Merchants National Corporation,1199620,2808,19860630,19920501
,"Mnc Financial, Inc.",1073364,2844,19860630,19931001
,West One Bancorp,1028953,2887,19860630,19951226
,Midlantic Corporation,1140743,2921,19860630,19951231
,Multibank Financial Corp.,1111994,2952,19860630,19930713
,Mellon Financial Corporation,1068762,2968,19860630,20070701
,Michigan National Corporation,1199714,2969,19860630,20010501
,Manufacturers National Corporation,1199826,2981,19860630,19920617
,Mercantile Bankshares Corporation,1072442,3029,19860630,20070302
,Marshall & Ilsley Corporation,3594612,3042,19900101,20110705
,Mcorp,1102590,3067,19860630,19891229
,Mercantile Bancorporation Inc.,1094211,3079,19860630,19990920
,"Mark Twain Bancshares, Inc.",1093634,3086,19860630,19970425
,National Bancshares Corporation Of Texas,1100840,3128,19860630,20011231
,Northeast Bancorp -Old,1035081,3131,19860630,19930528
,First Chicago Nbd Corporation,1199778,3134,19860630,19981001
,National Commerce Financial Corp.,1093728,3143,19860630,20041001
,National City Bancorporation,1123531,3144,19860630,20010801
,"National Community Banks, Inc.",1399028,3145,19890301,19930811
,Bank Of America Corporation,1073757,3151,19860630,20161231
,National City Corporation,1069125,3157,19860630,20081231
,Bank Of New England Corporation,1113907,3163,19860630,19910107
,Constellation Bancorp,1130472,3257,19860630,19940317
,Northern Trust Corporation,1199611,3275,19860630,20161231
,Old Kent Financial Corporation,1199705,3359,19860630,20010402
,"Firstier Financial, Inc.",1052015,3375,19860630,19960216
,Corestates Financial Corp,1116300,3552,19860630,19980428
,Integra Financial Corporation,1398816,3614,19881231,19960502
,"Provident Bancorp, Inc.",1070617,3658,19860630,20040701
,"Pnc Financial Services Group, Inc., The",1069778,3685,19860630,20161231
,Puget Sound Bancorp,1029138,3702,19860630,19930114
,Putnam Trust Company Of Greenwich,567606,3718,19860630,19961201
,Rainier Bancorporation,1246887,3785,19860630,19870831
,Riggs National Corporation,1075126,3849,19860630,20050514
,Ramapo Financial Corporation,1039427,3868,19860630,19990612
,First Republicbank Corp,1101753,3928,19860630,19880831
,Santa Monica Bank,375669,3976,19860630,19980127
,Southtrust Corporation,1079441,3987,19860630,20041101
,South Carolina National Corporation,1072554,4009,19860630,19911205
,"Security Bancorp, Inc.",1208241,4035,19860630,19920430
,Sei Investments Company,1274974,4040,19860630,20161231
,"Colonial Bancgroup, Inc., The",1080465,4128,19860630,20090630
,Bb&T Corporation,1074156,4163,19860630,20161231
,Southwest Bancorp,1028702,4182,19860630,19891019
,Society Corp,1068025,4183,19860630,19940301
,Security Pacific Corporation,1024526,4205,19860630,19920421
,State Street Corporation,1111435,4260,19860630,20161231
,Summit Bancorp,1047897,4307,19860630,19960301
,Sumitomo Bank Of California,257569,4313,19860630,19981001
,Texas American Bancshares,1102228,4368,19860630,19890720
,Texas Commerce Bancshares,1100550,4385,19860630,19870430
,Third National Corp,1080148,4396,19860630,19861231
,Transworld Bancorp,1030330,4602,19860630,19970516
,"United Banks Of Colorado, Inc.",1049042,4626,19860630,19910419
,Norstar Bancorp Inc,1034365,4629,19860630,19871231
,United Carolina Bancshares Corporation,1072394,4632,19860630,19970702
,Umb Financial Corporation,1049828,4673,19860630,20161231
,United National Bancorp,1250259,4679,19880801,20040101
,Union Natl Corp-Pennsylvania,1070886,4680,19860630,19881230
,University Bank & Trust Co.,917667,4693,19860630,19960301
,Union Planters Corporation,1094369,4703,19860630,20040701
,U.S. Bancorp,1025701,4717,19860630,19970801
,U.S. Trust Corporation,1048184,4737,19860630,19950901
,Crestar Financial Corporation,1072237,4752,19860630,20000101
,"Victoria Bankshares, Inc.",1102125,4799,19860630,19990827
,C & S Sovran Corp,1072947,4817,19860630,19900831
,Valley National Bancorp,1048773,4818,19860630,20161231
,Banc One Arizona Corporation,1028739,4820,19860630,19930330
,Valley Bancorporation,1199509,4844,19860630,19940531
,Wilmington Trust Corporation,1888193,4923,19900101,20110516
,Zions Bancorporation,1027004,5057,19860630,20161231
,First Eastern Corp.,1116953,5086,19860630,19940618
,"National Bancorp Of Alaska, Inc.",1030611,5241,19860630,20080101
,Firstmerit Corporation,1070804,5259,19860630,20160815
,Interchange Financial Services Corporation,1138535,5270,19861129,20070101
,First National Corporation,1030349,5298,19860630,19930716
,Ust Corp.,1111583,5303,19860630,20000128
,Fulton Financial Corporation,1117129,5440,19860630,20161231
,Nbsc Corporation,1075890,5579,19860630,19950301
,United Counties Bancorporation,1048821,5607,19860630,19960224
,"North Fork Bancorporation, Inc.",1048429,5627,19860630,20061201
,"Washington Federal, Inc.",3065617,5679,19950203,20161231
,"Summit Bancorp, Inc.",1989205,5797,19900101,19941114
,"Magna Group, Inc.",1095478,5841,19860630,19980701
,Cvb Financial Corp.,1029222,5856,19860630,20161231
,"First Midwest Bancorp, Inc.",1208184,5908,19860630,20161231
,"Trustcompany Bancorporation, The",1135990,5918,19860630,19931228
,"Trust Company Of New Jersey, The",31303,5918,19931229,20040514
,Trustco Bank Corp Ny,1048513,5926,19860630,20161231
,Vermont Financial Services Corp,1114931,6000,19860630,19990528
,"Raymond James Financial, Inc.",3815157,6137,19940513,20161231
,Mainstreet Financial Corporation,1074866,6170,19860630,19990306
,Stifel Financial Corp.,3063622,6185,20011016,20161231
,First Michigan Bank Corporation,1200003,6217,19860630,19970930
,First Indiana Corporation,1145506,6246,19861125,20080102
,1St Source Corporation,1199602,6281,19860630,20161231
,"First Amarillo Bancorporation, Inc.",1107371,6405,19860630,19931130
,"Franklin Resources, Inc.",1246216,6407,19860630,20161231
,"National Penn Bancshares, Inc.",1117026,6523,19860630,20160401
,First Financial Holdings Inc.,1890507,6545,19910601,20130726
,"Pacific Western Bancshares, Inc.",1028458,6558,19860630,19940331
,Citizens Bancorp,1075573,6579,19860630,19970101
,"Independence Bancorp, Inc.",1117268,6686,19860630,19940627
,First Financial Bancorp,1071276,6736,19860630,20161231
,Bank Of New Hampshire Corporation,1114726,6755,19860630,19991227
,Firstbank Of Illinois Co.,1202137,6778,19860630,19980701
,Seacoast Banking Corporation Of Florida,1085013,6827,19860630,20161231
,"Neworld Bancorp, Inc.",1142185,6839,19870420,19940414
,"Collective Bancorp, Inc.",2158165,6840,19881227,19970731
,First National Bancorp,1082106,6866,19860630,19960301
,"Glacier Bancorp, Inc.",2003975,6944,19901231,20161231
,"Vallicorp Holdings, Inc.",1427248,7006,19891201,19970412
,"Mid Am, Inc.",1070952,7030,19860630,19981002
,"Susquehanna Bancshares, Inc.",1117156,7050,19860630,20150731
,Pacific Inland Bancorp,1031748,7054,19860630,20010831
,Old National Bancorp,1098303,7067,19860630,20161231
,Bank Of Granite Corporation,1143481,7070,19870529,20110630
,"Concord Efs, Inc.",2014971,7099,19900101,20040226
,"Progressive Bank, Inc.",1140332,7162,19861017,19980717
,"First United Bancshares, Inc.",1096439,7244,19860630,20000901
,"Commerce Bancorp, Llc",1117679,7263,19860630,20071231
,Baltimore Bancorp,1076712,7276,19860630,19960531
,Frankford Corporation,1022728,7279,19860630,19940730
,"Westport Bancorp, Inc.",1048915,7307,19860630,19961214
,First Colonial Bankshares Corporation,1202463,7320,19860630,19950131
,Fort Wayne National Corporation,1207002,7330,19860630,19980331
,132Nd & California Street Branch,130970,7361,19860630,20051202
,"Keystone Financial, Inc.",1117781,7366,19860630,20001007
,"Premier Bancorp, Incorporated",1130892,7373,19860630,19960102
,"Ameriserv Financial, Inc",1117316,7407,19860630,20161231
,"W Holding Company, Inc.",2801546,7427,19900101,20090930
,Simmons First National Corporation,1094828,7460,19860630,20161231
,"Cnb Bancshares, Inc.",1099467,7471,19860630,19991030
,Irwin Financial Corporation,1199732,7502,19860630,20090918
,Promistar Financial Corporation,1117736,7519,19860630,20020119
,B.M.J. Financial Corp.,1118256,7529,19860630,19970301
,Napa Valley Bancorp,1030264,7543,19860630,19930415
,"Citizens Republic Bancorp, Inc.",1205688,7569,19860630,20130412
,"Franklin Bancorporation, Inc.",1416859,7583,19890623,19980702
,Financial Trust Corp,1117204,7584,19860630,19970602
,Berkshire Bancorp Inc.,2728157,7585,19990104,20131129
,"Hometown Bancorporation, Inc.",1144143,7586,19870721,19960831
,Guaranty Bancshares Corporation,1137994,7594,19860630,19960210
,Rhnb Corporation,1075993,7606,19860630,19941109
,"Apple Bancorp, Inc.",1427341,7612,19890929,19901001
,"Cb Bancshares, Inc.",1028412,7631,19860630,20040916
,"Premier Financial Services, Inc.",1202557,7637,19860630,19960822
,"Keystone Heritage Group, Inc.",1117183,7665,19860630,19980327
,Bryn Mawr Bank Corporation,1140994,7676,19870102,20161231
,Southwest National Corporation,1070961,7678,19860630,19981231
,Newbridge Bancorp,1076002,7702,19860630,20160229
,Independent Bank Corporation,1201925,7720,19860630,20161231
,"Merchants Bancshares, Inc.",1023239,7724,19860630,20161231
,"Evergreen Bancorp, Inc.",1048399,7727,19860630,19981231
,Sjnb Financial Corp.,1031506,7741,19860630,20011024
,"Bsb Bancorp, Inc.",1250530,7746,19881003,20040714
,"Baybank, Inc.",1114986,7760,19860630,19951218
,"Nasb Financial, Inc.",3841941,7764,19980401,20140930
,Ccbt Financial Companies Inc.,2745118,7778,19900101,20040501
,"Bancorpsouth, Inc.",1097614,7784,19860630,20161231
,"Peoples Bancorp Of North Carolina, Inc.",2818245,7788,19990831,20161231
,Fairfield First Bank & Trust Company,699002,7807,19860630,19960713
,Jefferson Bank,535913,7822,19860630,19991201
,"Bnh Bancshares, Inc.",1134096,7832,19860630,19970828
,Republic Security Financial Corporation,2354417,7845,19900101,20010301
,"First Oak Brook Bancshares, Inc.",1209097,7860,19860630,20060826
,"Community Bank System, Inc.",1048867,7871,19860630,20161231
,Mosaic Corp,2337054,7891,19900101,19970103
,"Ds Bancor, Inc.",1245714,7892,19870831,19970131
,"First Commerce Bancshares, Inc.",1134993,7903,19860630,20090813
,Security Capital Bancorp,1076093,7917,19860630,19950520
,"First Mutual Bancshares, Inc.",2833604,7926,19900101,20080201
,Western Bank,142067,7944,19860630,19960201
,"Banctrust Financial Group, Inc.",1138012,7954,19860630,20120930
,"Iroquois Bancorp, Inc.",2439426,7965,19900101,20001104
,Banc One West Virginia Corporation,1076338,7972,19860630,19930430
,"Franklin Bank, National Association",558172,7985,19860630,20031022
,"Franklin Bancorp, Inc.",3103818,7985,20031023,20040527
,"Newmil Bancorp, Inc.",1247110,8005,19871019,20061006
,"L S B Bancshares, Inc Of South Carolina",1076543,8030,19860630,19940701
,"Medford Bancorp, Inc.",2614652,8067,19900101,20021015
,"One Valley Bancorp, Inc.",1075201,8072,19860630,20000707
,First Citizens Corporation,2449032,8076,19960823,19990709
,"T. Rowe Price Group, Inc.",3045084,8087,20001228,20161231
,Lsb Corporation,3019674,8140,20010702,20101130
,"Andover Bancorp, Inc.",1247008,8156,19871102,20011031
,"Community Bankshares, Inc.",1136755,8157,19860630,19970829
,Elmira Savings Bank,861304,8158,19860630,20161231
,Bay View Capital Corporation,2736282,8164,19990301,20060430
,"Great Lakes Bancorp, Inc.",3180640,8164,20060501,20070930
,"Trans Financial, Inc.",1100082,8168,19860630,19980822
,Independent Bank Corp.,1136803,8179,19860630,20161231
,Massbank Corp.,1966783,8197,19900101,20080903
,Grenada Sunburst System Corporation,1138889,8216,19860630,19941231
,"New Hampshire Thrift Bancshares, Inc.",3575750,8217,19890613,20161231
,"Amcore Financial, Inc.",1208661,8224,19860630,20091231
,Tompkins Financial Corporation,2367921,8228,19951017,20161231
,"Skaneateles Bancorp, Inc.",1481398,8229,19900101,19970415
,"Cbc Bancorp, Inc.",1142019,8262,19870224,19971130
,"Abington Bancorp, Inc.",2521741,8264,19970131,20040428
,"Suburban Bankshares, Inc.",1082665,8285,19860630,19940603
,Tcf Financial Corporation,2389941,8292,19970407,20161231
,"San Francisco Company, The",1029286,8346,19860630,19950331
,"Bancorp Connecticut, Inc.",2262914,8365,19900101,20020831
,Dime Financial Corporation,1427305,8375,19881202,19980821
,"Warren Bancorp, Inc.",1250361,8381,19881001,20021231
,"Harris Bankmont, Inc.",1207356,8400,19860630,20000630
,"Sandwich Bancorp, Inc.",2573124,8413,19971001,19981203
,Suffolk Bancorp,1130865,8451,19860829,20161231
,Horizon Financial Corp.,2343662,8472,19900101,20100111
,Center Financial Corporation,2322751,8477,19900101,19961113
,Bankworcester Corporation,1248135,8489,19871214,19940527
,"Granite State Bankshares, Inc.",1140118,8493,19860829,20030228
,People'S Savings Financial Corp.,1427396,8499,19890731,19970731
,Fnb Rochester Corp.,1048951,8506,19860829,19990601
,Marble Financial Corporation,1139907,8513,19860903,19960102
,F.N.B. Corporation,1070288,8534,19860930,20010601
,F.N.B. Corporation,3005332,8534,20010602,20161231
,Commercebancorp,1246917,8535,19870731,19940630
,Harleysville National Corporation,1117192,8544,19860930,20100410
,"Emerald Isle Bancorp, Inc.",2473448,8545,19961003,19980227
,Clovis Pile Street Branch,622279,8552,19860930,20060103
,United Financial Corp.,2713715,8587,19900101,20070206
,"Peoples Bancorp Of Worcester, Inc.",1248050,8599,19880301,19940520
,Mellon Psfs Bancorporation,1134386,8608,19860930,19950518
,"Gateway Bancorp, Inc.",1133240,8614,19861031,19950818
,"Today'S Bancorp, Inc.",1202856,8627,19861031,19961107
,"Heritage Financial Services, Inc.",1206612,8653,19861031,19980702
,"Central Bancorp, Inc.",2746049,8665,19900101,20120930
,"Hamptons Bancshares, Inc.",1048924,8667,19861031,19940331
,"First Citizens Bancshares, Inc.",1075612,8674,19861031,20161231
,"People'S Bancshares, Inc.",2337090,8675,19900101,20020228
,Bank Of South Carolina Corporation,2297701,8677,19950417,20161231
,Carolina First Corporation,1141599,8711,19861219,20101001
,Family Bancorp,1250240,8718,19880831,19961206
,Norwich Financial Corp.,1427190,8739,19880810,19980225
,Metrobank,280763,8759,19861128,19961101
,Wsfs Financial Corporation,3844269,8766,19880721,20161231
,Anchor Financial Corporation,1076477,8779,19861231,20000606
,"Banknorth Group, Inc.",1249196,8782,19880620,20050301
,Farmers Capital Bank Corporation,1098732,8788,19861231,20161231
,Flag Financial Corporation,2650315,8803,19900101,20061209
,Webster Financial Corporation,1145476,8810,19861231,20161231
,Centennial Bancorp,1029071,8834,19861231,20021116
,"Alliance Bancorp Of New England, Inc.",2539232,8847,19900101,20040401
,"Pinnacle Bancshares, Inc.",2520605,8848,19900101,20071231
,"Lakeland First Financial Group, Inc.",1943542,8856,19890501,19950629
,"First Of Long Island Corporation, The",1048894,8879,19870130,20161231
,First Bancorp,2744894,8889,19981001,20161231
,"Roosevelt Financial Group, Inc.",2467009,8911,19881230,19970630
,Sterling Financial Corporation,3152245,8926,20050708,20140418
,"First Georgia Holding, Inc.",3114805,8959,19900101,20030501
,Cfx Corporation,1142091,8980,19870227,19980409
,Ameriana Bancorp,3017326,8990,20010629,20151231
,Riverside National Bank,689562,8999,19870227,19970125
,"Nbb Bancorp, Inc.",1363805,9017,19881201,19950127
,"Allied Bankshares, Inc.",1131536,9034,19870331,19970201
,Oriental Financial Group Inc.,2490575,9058,19970124,20161231
,"Chester Valley Bancorp, Inc.",2844495,9066,19900101,20050831
,Signal Corp,1924037,9078,19890721,19990213
,California First National Bancorp,2907381,9096,20010523,20161231
,Ffb Corporation,1075966,9106,19870430,19980617
,First Bancorp,1076431,9141,19870430,20161231
,"Wesbanco, Inc.",1070448,9147,19870529,20161231
,"Bank Of Southington, The",389200,9152,19870529,19980109
,First National Bank Corp.,1142792,9155,19870529,19950201
,Raritan Bancorp Inc.,1143605,9172,19870529,19990331
,"Washington Bancorp, Inc.",1143614,9173,19870529,19940701
,"Century Bancorp, Inc.",1111088,9193,19870529,20161231
,"Goldenbanks Of Colorado, Inc.",1050637,9208,19860630,19950501
,"Td Waterhouse Holdings, Inc.",2121169,9212,19900101,19961014
,"United Bankshares, Inc.",1076217,9213,19870529,20161231
,First Charter Corporation,1076132,9232,19870630,20080607
,"University Bancorp, Inc.",1496253,9237,19891231,20090109
,"Washington Trust Bancorp, Inc.",1115349,9239,19870630,20161231
,"Cal Rep Bancorp, Inc.",1030910,9254,19870630,19931211
,City Holding Company,1076262,9280,19870630,20161231
,Cu Bancorp,1029585,9304,19870630,19970703
,First Financial Service Corporation,3150997,9341,20030108,20141231
,"Lake Shore Bancorp, Inc.",1206621,9345,19870731,19940709
,First Bank Of Philadelphia,884312,9348,19870731,19991013
,"Onbancorp, Inc.",1427499,9381,19890918,19980401
,Horizon Bancorp,1209136,9389,19870831,20161231
,"Bancorp New Jersey, Inc.",1249141,9391,19880630,19950710
,"Heritage Bancorp, Inc.",1117811,9393,19870831,19980501
,Premier Bankshares Corporation,1140462,9423,19870831,19970527
,Northeast Bancorp,2324111,9438,19870831,20161231
,"First California Financial Group, Inc.",1031681,9446,19870831,20070312
,Central Pacific Financial Corp.,1022764,9449,19870831,20161231
,Republic Bancorp Inc.,1135600,9454,19870831,20061230
,Harleysville Savings Financial Corporation,2861492,9473,20000225,20121231
,"Royal Bancshares Of Pennsylvania, Inc.",2324429,9490,19950629,20161231
,Sdnb Financial Corp.,1030835,9512,19870930,20021230
,"Laurel Capital Group, Inc.",2265054,9524,19900101,20060828
,Republic Bank,746465,9529,19870930,19980915
,Central And Southern Holding Company,1081800,9535,19870930,19970623
,Svb Financial Group,1031449,9588,19871030,20161231
,Gbc Bancorp,1029213,9615,19871130,20031021
,Provident Bankshares Corporation,1247633,9630,19871231,20090523
,"Great Bay Bankshares, Inc.",1247642,9640,19871231,19950329
,Mayflower Co-Operative Bank,118174,9641,19871231,20070215
,"Mayflower Bancorp, Inc",3464797,9641,20070215,20131115
,"Community Trust Bancorp, Inc.",1070644,9645,19871231,20161231
,Shoreline Financial Corporation,1247606,9650,19880129,20010110
,Indiana Community Bancorp,3059504,9652,19900101,20120928
,"Charter One Financial, Inc.",1923946,9662,19880129,20040901
,"Portsmouth Bank Shares, Inc.",1248788,9682,19880229,19970829
,Iowa National Bankshares Corp.,1206377,9703,19880331,19970301
,"Community Bancshares, Inc.",1097203,9766,19880531,19950224
,Bank Maryland Corp.,1141290,9767,19880531,19950717
,Rock Financial Corporation,1131022,9770,19880531,19941201
,"Community Banks, Inc.",1117709,9772,19880531,20071117
,"Bmr Financial Group, Inc.",1140592,9782,19880531,19931215
,Lafayette American Bank,63304,9796,19880531,19990320
,Broad National Bancorporation,1048456,9802,19880630,19990801
,Surety Capital Corporation,1839270,9816,19891230,20080418
,"Fidelity Bancorp, Inc.",2121552,9838,19900101,20120930
,People'S Mutual Holdings,1246702,9847,19880729,20070416
,"People'S United Financial, Inc.",3650152,9847,20070416,20161231
,"Comsouth Bankshares, Inc.",1248676,9855,19880729,19980901
,Carolina Southern Bank,1400858,9877,19890626,20010217
,Chemical Financial Corporation,1201934,9882,19880831,20161231
,W S B Holdings Inc,3833003,9884,20080103,20121231
,"Home Port Bancorp, Inc.",1249628,9916,19880831,20001229
,West Coast Bancorp,1031953,9957,19881031,20020205
,Wainwright Bank & Trust Company,689302,9974,19881031,20110319
,"Vsb Bancorp, Inc.",1978076,9991,19900101,19940701
,"Republic First Bancorp, Inc.",1398807,9999,19881130,20161231
,"Prime Bancorp, Inc.",2502339,10013,19900101,19980801
,"First Security Bank Of California, National Association",163969,10035,19881230,20001216
,Hingham Institution For Savings,673909,10039,19881230,20161231
,Doral Financial Corporation,2184164,10053,19930825,20150227
,Nmbt Corp.,2581857,10071,19900101,20000329
,James Madison Limited,1075162,10172,19861031,19910524
,"First Western Bancorp, Inc.",1071696,10173,19890531,20020430
,Foothill Independent Bancorp,1031430,10193,19890531,20060510
,"California Bancshares, Inc.",1027741,10195,19890531,19960607
,Regent Bancshares Corp.,1427583,10199,19890630,19980801
,Sunrise Bancorp,1030536,10200,19890531,19971102
,Community Financial Corporation,3834738,10207,19960930,20120930
,First Merchants Corporation,1208559,10218,19890630,20161231
,"Pinnacle Financial Services, Inc.",1139073,10284,19890831,19980417
,"First City Bancorp, Inc.",1249637,10306,19890929,19960311
,Cupertino National Bancorp,1131590,10324,19891031,19961128
,Landmark Bancorp,1030901,10367,19860630,19960413
,Capitol Bancorp Ltd.,1247334,10388,19891130,20101231
,"Banknorth Group, Inc.",1427574,10396,19891229,20000510
,"Suburban Bancshares, Inc.",1134425,10404,19891229,20000307
,"Bank Of Nashville, The",1407521,10414,19891229,19960430
,"Community Financial Group, Inc.",2398608,10414,19960501,20020731
,"Great Southern Bancorp, Inc.",2339133,10421,19891229,20161231
,"Century South Banks, Inc.",1083251,10423,19891229,20010608
,"State Bancorp, Inc.",1138861,10429,19891229,20110930
,Ventura County National Bancorp,1032053,10447,19900101,19970118
,"Professional Bancorp, Inc.",1030095,10451,19900101,20010116
,"Pacific Bank, N.A.",518868,10458,19900101,20000301
,American Bancorp Of Nevada,1030200,10464,19900101,19970630
,Civic Bancorp,1032101,10468,19900101,20020301
,Liberty National Bank,800965,10487,19900101,19970630
,Peoples First Corporation,1099056,10488,19900101,19980701
,West Coast Bancorp,1029893,10519,19900330,20130328
,Bankers Corp.,1481240,10524,19900316,19970829
,"Pinnacle Banc Group, Inc.",1204001,10529,19900101,19990903
,Summit Financial Corporation,1479180,10530,19900101,20050701
,American Pacific Bank,92162,10537,19900101,20050423
,"Savannah Bancorp, Inc., The",1493560,10552,19900101,20120930
,"Second Bancorp, Incorporated",1141067,10624,19900101,20040701
,Business Bancorp,1029923,10636,19900613,19940930
,Esb Financial Corporation,1924925,10637,19910503,20150210
,State Financial Services Corporation,1210413,10673,19900101,20051003
,Park National Corporation,1142336,10743,19900831,20161231
,Bank Of San Pedro,813563,10784,19900101,19940716
,Cathay General Bancorp,1843080,10805,19901231,20161231
,Regency Bancshares Inc.,2009454,10816,19910102,19940131
,"Charter Bancshares, Inc.",1103449,10837,19900101,19960524
,Intercontinental Bank,888534,10875,19900101,19951214
,Anb Corporation,1132702,10890,19900101,20000310
,Hancock Holding Company,1086533,10954,19910628,20161231
,"Ff Bancorp, Inc.",2185282,11008,19910702,19950703
,Northern States Financial Corporation,1210589,11009,19910731,20120229
,"Aspen Bancshares, Inc.",1249114,11010,19900101,19970517
,Sierrawest Bancorp,1138740,11014,19900101,19990701
,Pacific Northwest Bancorp,2323057,11020,19900101,20090917
,"Capital Bancorporation, Inc.",1245312,11075,19900101,19951231
,"Community First Bankshares, Inc.",1246766,11087,19900101,20041204
,"Cooperative Bankshares, Inc.",2241937,11095,19900101,20090619
,Bok Financial Corporation,1883693,11106,19910930,20161231
,"Sws Group, Inc.",3823031,11148,20000428,20141231
,Integra Bank Corporation,1132654,11264,19900101,20110729
,"Mainsource Financial Group, Inc.",1209109,11277,19920131,20161231
,Commerce Bank,969723,11350,19900101,20070101
,F&M Bancorp,1076413,11369,19900101,20030813
,First Financial Corporation,1208595,11371,19920331,20161231
,Far East National Bank,676160,11395,19900101,19950930
,Nbt Bancorp Inc.,1139279,11403,19920331,20161231
,Albank Financial Corporation,2138457,11448,19920401,19981130
,Omega Financial Corporation,1117259,11457,19900101,20080401
,Hf Financial Corp.,2500700,11459,19920430,20160515
,Renasant Corporation,1098844,11479,19920430,20161231
,"S & T Bancorp, Inc.",1071397,11480,19920430,20161231
,"Princeton National Bancorp, Inc.",1207600,11508,19900101,20120629
,Cbt Corporation,1098965,11527,19900101,19980701
,"Premier National Bancorp, Inc.",1136429,11528,19900101,20010210
,"Columbia Banking System, Inc.",2078816,11576,19930816,20161231
,"Covest Bancshares, Inc.",2570187,11601,19900101,20031231
,"Allied Bank Capital, Inc.",1982288,11609,19920709,19960213
,Anchor Bancorp Wisconsin Inc,2790967,11619,19920731,20160429
,Michigan Financial Corporation,1121779,11629,19900101,20041119
,Sterling West Bancorp,1030509,11630,19900101,19980702
,"Cenit Bancorp, Inc.",2329992,11653,19920806,20010803
,Argentbank,368634,11688,19900101,19980201
,First United Corporation,1132672,11691,19920930,20161231
,"Msb Bancorp, Inc.",1994012,11692,19920903,19980529
,1St United Bancorp,1407035,11698,19900101,19971111
,Cascade Financial Corporation,2568362,11702,19900101,20110629
,"Sterling Bancshares, Inc.",1105425,11767,19900101,20110728
,"Central Mortgage Bancshares, Inc.",1050888,11771,19900101,19950502
,Citizens National Corporation,1958845,11784,19900101,19940405
,Ambanc Corp.,1097584,11827,19900101,19980831
,"Chattahoochee Bancorp, Inc.",1399046,11840,19900101,19940315
,"Independence Bancorp, Inc.",1048942,11853,19900101,19970121
,Pvf Capital Corp.,3828652,11888,19941031,20131011
,Centrue Financial Corporation,2632898,11893,19900101,20061113
,"Mnb Bancshares, Inc.",2052692,11894,19930106,20011008
,Edgemark Financial Corporation,1204458,11939,19900101,19940503
,Peoples Bancorp Inc.,1070578,11950,19930226,20161231
,"First Southern Bancorp, Inc.",2031941,11974,19930224,19950602
,"United Bancorp, Inc.",1071502,11981,19930331,20161231
,"Penn Central Bancorp, Inc.",1118322,11986,19900101,19940128
,Comstock Bancorp,2536044,11987,19900101,19990601
,"Madison Bancshares Group, Ltd.",1416493,12018,19900101,20041001
,"S. Y. Bancorp, Inc.",1249730,12038,19930331,20161231
,"Union Bankshares, Ltd.",1131965,12043,19900101,20030116
,Bancfirst Corporation,1133286,12058,19930430,20161231
,"Sun Bancorp, Inc.",1117718,12062,19900101,20041001
,"Mason-Dixon Bancshares, Inc.",1951789,12065,19900101,19990714
,"Central Virginia Bankshares, Inc.",1140677,12079,19930430,20120531
,Trico Bancshares,1030170,12086,19930430,20161231
,"West Coast Bancorp, Inc.",1398713,12094,19900101,19970418
,Southside Bancshares Corp.,1098068,12100,19900101,20010928
,Bancfirst Ohio Corp.,1480980,12112,19900101,20020308
,"Summit Bancshares, Inc.",1104080,12116,19900101,20061209
,"German American Bancorp, Inc.",1098620,12139,19930528,20161231
,"Ipswich Bancshares, Inc.",2803063,12162,19930526,20020726
,"Vista Bancorp, Inc.",1250277,12163,19900101,20020821
,"Sky Financial Group, Inc.",1071203,12170,19900101,20070701
,Metro Financial Corporation,1493757,12172,19900101,19960201
,Commercial Bank Of New York,1212631,12203,19900101,20011110
,St. Francis Capital Corporation,2254496,12213,19930621,20031201
,Wayne Savings Bancshares Inc New,3271203,12221,20030108,20161231
,"Ksb Bancorp, Inc.",2071321,12231,19930624,19991220
,T R Financial Corp.,2018344,12241,19930629,19990216
,"George Mason Bankshares, Inc.",1134685,12256,19900101,19971231
,"Horizon Bancorp, Inc.",1076244,12260,19900101,19981231
,"Mississippi Valley Bancshares, Inc",1100233,12262,19900101,20021001
,"Cfb Bancorp, Inc.",2262455,12284,19900101,19960824
,First Defiance Financial Corporation,3316917,12289,19950929,20161231
,Mountain Parks Financial Corporation,1065332,12309,19900101,19961218
,Cobancorp Inc.,1071717,12322,19900101,19980523
,"Nsd Bancorp, Inc.",2123958,12334,19900101,20050219
,"First Colonial Group, Inc.",1117482,12388,19900101,20031031
,Vist Financial Corp.,1136139,12397,19900101,20120831
,"Village Bancorp, Inc.",1048782,12398,19900101,19990520
,Moxham Bank Corporation,1138638,12399,19900101,19960626
,"Meta Financial Group, Inc",2390013,12412,19930930,20161231
,Union First Market Bankshares Corporation,1971693,12461,19931029,20161231
,"Qcr Holdings, Inc.",2125813,12462,19931029,20161231
,"Commercial Bankshares, Inc.",1250839,12464,19900101,20070602
,"Merchants Bancorp, Inc.",1206854,12469,19900101,20000211
,First Patriot Bankshares Corporation,1472181,12501,19900101,19970802
,"Riverview Bancorp, Inc.",3180060,12503,19970930,20161231
,"First Financial Bankshares, Inc.",1102312,12525,19931130,20161231
,First State Bancorporation,1364071,12531,19900101,20110128
,"Old Second Bancorp, Inc.",1206911,12561,19931130,20161231
,"State Bancshares, Inc.",1116999,12562,19900101,19991201
,Astoria Financial Corporation,2504128,12591,19931130,20161231
,"New York Community Bancorp, Inc.",2132932,12608,19931130,20161231
,"Old York Road Bancorp, Inc.",1870666,12609,19900101,19950701
,Wvs Financial Corp.,2140115,12618,19931130,20161231
,Prestige Financial Corp.,2022930,12621,19900101,19990116
,First Banking Company Of Southeast Georgia,1083130,12628,19900101,20000616
,"Cardinal Bancshares, Inc.",1357064,12642,19900101,20000101
,"Lake Ariel Bancorp, Inc.",1118210,12653,19900101,20000217
,"Southern Financial Bancorp, Inc.",2352990,12671,19900101,20040501
,Fb&T Financial Corporation,2235123,12683,19900101,19960330
,"Southwest Bancorp, Inc.",1062621,12704,19931231,20161231
,First Bancshares Inc/Mo,2484417,12721,19931231,20120629
,"Pacific Crest Capital, Inc.",2850656,12727,19900101,20040306
,"First Charter Bank, National Association",606569,12732,19900101,20011008
,"Affiliated Community Bancorp, Inc.",2338501,12734,19951019,19980807
,"Republic Bancshares, Inc.",2387004,12736,19900101,20040415
,"Quaker City Bancorp, Inc.",2538507,12741,19940201,20040831
,Security Capital Corporation,2164429,12749,19940103,19971001
,Ledger Capital Corp,2164447,12750,19940103,20011109
,Letchworth Independent Bancshares Corporation,1048531,12751,19900101,19991231
,"Fflc Bancorp, Inc.",2496018,12752,19940104,20050518
,"First Savings Bancorp, Inc.",2353504,12758,19940106,20000914
,Peoples Bank Corporation Of Indianapolis,1140538,12776,19900101,19991120
,Cascade Bancorp,1848003,12784,19940131,20161231
,"Harris Financial, Inc.",2538682,12794,19970918,20001016
,Greenpoint Financial Corp.,2081124,12807,19940128,20040930
,"Boston Private Financial Holdings, Inc.",1248078,12848,19940228,20161231
,"Triangle Bancorp, Inc.",1993006,12883,19900101,20000219
,"Citi-Bancshares, Inc.",1084847,12892,19900101,19970301
,"Texas Regional Bancshares, Inc.",1109656,12923,19900101,20070601
,"Garden State Bancshares, Inc.",1130520,12936,19900101,19960119
,Vectra Banking Corporation,1427350,12945,19900101,19980107
,"Landmark Bancorp, Inc.",3030307,12951,20011009,20161231
,First-Knox Banc Corp.,1130007,12962,19900101,19970505
,Metrobancorp,1248649,12987,19900101,20030114
,"Southern Missouri Bancorp, Inc.",3266227,12994,20040628,20161231
,Bank Of Suffolk,788924,13032,19940429,19950531
,"James River Bankshares, Inc.",2314233,13032,19950601,20010701
,First State Corporation,1081864,13039,19900101,19980401
,Allegiance Banc Corporation,1143445,13053,19900101,19961001
,Pulaski Financial Corp,3832828,13061,19981202,20160429
,Cnb Financial Corp.,2194976,13081,19900101,20011109
,Carrollton Bancorp,1469800,13085,19940531,20161231
,Ameris Bancorp,1082067,13092,19940531,20161231
,"Cole-Taylor Financial Group, Inc.",1245219,13108,19900101,19970211
,"Matewan Bancshares, Inc.",1076570,13121,19900101,19990828
,"Peoples Banctrust Company, Inc., The",1132298,13137,19900101,20071016
,Fnb United Corp.,1133473,13139,19940630,20161025
,First United Bancorporation,1247446,13143,19900101,19980314
,"Nss Bancorp, Inc.",2589705,13146,19971001,19981120
,Community Financial Holding Corporation,1885718,13151,19940617,19980814
,"Hmn Financial, Inc.",2500719,13187,19940630,20161231
,Bcb Financial Services Corporation,1247802,13191,19900101,19980501
,Columbia Bancorp,1249543,13199,19900101,20060201
,Tf Financial Corporation,2499822,13204,19940729,20141024
,Fvnb Corp.,2697347,13249,19900101,20050502
,Commerce Bank/Harrisburg National Association,775214,13291,19940825,19990630
,"Metro Bancorp, Inc.",2807614,13291,19990701,20160212
,Fcnb Corp.,1142028,13292,19900101,20010109
,"Patriot National Bancorp, Inc.",2840479,13294,19991201,20161231
,Carnegie Bancorp,2188416,13298,19940908,19980731
,"Midwestone Financial Group, Inc",1205053,13318,19900101,20080314
,Benson Financial Corporation,1140257,13334,19900101,19990831
,"Flemington National Bank And Trust Company, The",981604,13347,19900101,19960224
,Westbank Corporation,1115367,13360,19900101,20070102
,Ibs Financial Corp.,2262745,13366,19941013,19980814
,Belmont Bancorp.,1071379,13376,19900101,20050601
,"Carver Bancorp, Inc.",2531245,13396,19961017,20161231
,Fidelity Southern Corporation,1081118,13403,19941031,20161231
,"New England Community Bancorp, Inc.",1132869,13411,19900101,19991201
,Northwest Bancshares Inc,4122722,13413,20091218,20161231
,Alabama National Bancorporation,1141786,13443,19900101,20080223
,Skylands Financial Corporation,2806411,13458,19900101,20000802
,Northern Bank Of Commerce,2245056,13464,19900101,20000703
,"Covenant Bancorp, Inc.",2558064,13469,19900101,19980116
,Camco Financial Corporation,1251256,13496,19941230,20140228
,"Premier Bancshares, Inc.",1357091,13535,19900101,20000114
,L S B Financial Corp,3848379,13544,19950228,20141031
,"Sis Bancorp, Inc.",2447270,13559,19950208,19981231
,Alliance Mutual Holding Company,2298883,13597,19950303,20070130
,Iberiabank Corporation,2291914,13657,19950428,20161231
,"Mb Financial, Inc.",2754156,13660,19950407,20011106
,"Mb Financial, Inc",1090987,13660,20011107,20161231
,"Guaranty Federal Bancshares, Inc.",2618940,13662,20000212,20161231
,"Community Bank Shares Of Indiana, Inc.",2356073,13663,19950428,20160909
,Perpetual State Bank,683270,13664,19900101,19960901
,"Fp Bancorp, Inc.",1031793,13670,19900101,19980523
,"First Southern Bancshares, Inc.",2313704,13674,19900101,20020331
,Jacksonville Bancorp Inc Md,2300982,13685,19950428,20161231
,Fnb Financial Services Corporation,1130696,13708,19900101,20070801
,Americanwest Bancorporation,1031627,13712,19900101,20101219
,Yardville National Bancorp,1138517,13766,19900101,20071026
,Merit Holding Corporation,1864218,13804,19900101,19990930
,Guaranty Financial Corporation,2521406,13811,19900101,20040501
,Community Financial Corp.,2318446,13822,19900101,20050909
,Ccf Holding Company,2708159,13840,19900101,20080930
,"Bnccorp, Inc.",1248162,13845,19900101,20071231
,Habersham Bancorp,1086766,13849,19900101,20110218
,Capital Bancorp,1082115,13878,19900101,19980101
,U.S. Trust Corporation,2309912,13949,19900101,20070702
,Bank Of Commerce,36063,13953,19900101,19990716
,"Auburn National Bancorporation, Inc.",1129533,13966,19950929,20161231
,Atlantic Financial Corp.,2463131,13980,19900101,20010227
,Damen Financial Corporation,2507697,14012,19900101,19990701
,"Allegiant Bancorp, Incorporated",1426812,14016,19900101,20040409
,"1St Independence Financial Group, Inc.",2484202,14019,19900101,20080830
,Desert Community Bank,155263,14022,19900101,20070818
,"Oak Hill Financial, Inc.",1070747,14042,19900101,20071201
,County Bank Of Chesterfield,629223,14056,19900101,20001209
,"Imperial Capital Bancorp, Inc",3114654,14074,19900101,20080930
,Banner Corporation,2126977,14091,19951130,20161231
,Investors Financial Services Corp.,2337045,14112,19900101,20070702
,Flushing Financial Corp,2393274,14157,19951130,20161231
,Patriot Bank Corp.,2410283,14184,19900101,20040610
,"Classic Bancshares, Inc.",2469245,14273,19900101,20050521
,Area Bancshares Corporation,1095571,14277,19900101,20020321
,Broadway Financial Corp Del,3260841,14283,19960131,20161231
,Capital Corp Of The West,2332750,14291,19900101,20090206
,"Usabancshares.Com, Inc",2351818,14295,19960119,20020201
,"American Bancshares, Inc.",2370770,14342,19900101,20000321
,Ohio Valley Banc Corp.,2012436,14355,19960229,20161231
,Orange National Bancorp,1141777,14361,19960213,19991001
,California Community Bancshares Corporation,2378422,14434,19900101,19980416
,Ffd Financial Corp,2506805,14499,19960430,20120629
,Resource Bankshares Corporation,2693358,14524,19900101,20040401
,Capital Crossing Bank,1167889,14526,19900101,20070215
,"Sandy Spring Bancorp, Inc.",1248304,14531,19960430,20161231
,"Southwest Banks, Inc.",1406944,14554,19900101,19981230
,First Federal Bancshares Ark Inc,3832015,14587,19960531,20161231
,Bank Corporation Of Georgia,1081181,14597,19900101,19971217
,Pacific Capital Bancorp,1029884,14615,19900101,20120930
,First Financial Corp.,1114799,14616,19900101,20020417
,"Premier Financial Bancorp, Inc.",2007647,14633,19960531,20161231
,Tysons National Bank,1867602,14660,19900101,19990717
,"Commercesouth, Inc.",1398834,14672,19900101,20031231
,Century Financial Corporation,1249262,14686,19900101,19980513
,Commercial National Financial Corporation,1823738,14687,19900101,20120331
,Byl Bancorp,2611101,14709,19900101,20011101
,"Comm Bancorp, Incorporated",1118229,14729,19900101,20110101
,"Center Bancorp, Inc.",1048764,14751,19960628,20161231
,Security Bank Corporation,855929,14759,19900101,19990323
,Dime Community Bancshares,2487650,14762,19960628,20161231
,"Provident Financial Holdings, Inc.",3632493,14778,19960628,20161231
,"Cass Information Systems, Inc.",1098648,14781,19960731,20161231
,Oceanfirst Financial Corp.,2609975,14795,19960731,20161231
,"Abigail Adams National Bancorp, Inc.",1075500,14811,19900101,20110517
,"Glastonbury Bank And Trust Company, The",1013708,14820,19900101,20000513
,Bank Of Los Angeles,662864,14853,19900101,19981024
,California Independent Bancorp,2299125,14855,19900101,20040107
,North Country Bancorp,1029932,14903,19900101,20011001
,E*Trade Financial Corporation,3412583,14915,20000110,20161231
,"Beverly Bancorporation, Inc.",1200982,14924,19900101,19980702
,R&G Financial Corporation,2452180,14925,19900101,20041231
,"Grand Premier Financial, Inc.",2441559,14928,19900101,20000402
,"Sun Bancorp, Inc",1139242,14938,19960830,20161231
,First M & F Corporation,1095982,14940,19960930,20130830
,Greater Bay Bancorp,1136531,14946,19900101,20110801
,Independent Financial Network,1031168,14954,19900101,20011230
,Centrue Financial Corporation,1206591,14996,19900101,20110331
,"Premier Community Bankshares, Inc.",1826047,15009,19900101,20070714
,South Street Financial Corp.,2465313,15016,19961003,20070404
,Britton & Koontz Capital Corporation,1084212,15045,19961031,20120731
,Summit Bank Corporation,1247660,15055,19900101,20061230
,"Gold Banc Corporation, Inc.",1050600,15150,19900101,20060401
,Goleta National Bank,1412712,15152,19961119,19971230
,Community West Bancshares,2626299,15152,19971231,20161231
,Pacific Capital Bancorp,1031766,15169,19900101,19981231
,Beverly Hills Bancorp Inc.,3312227,15247,20040818,20090130
,First Mariner Bancorp,2322304,15250,19900101,20110630
,River Valley Bancorp,2466981,15251,19961231,20160229
,Advance Financial Bancorp,2806176,15263,19970102,20041230
,"Wayne Bancorp, Inc.",1137592,15265,19900101,20041005
,Bank Of Santa Clara,231961,15274,19900101,20040202
,"Amegy Bancorporation, Inc.",2384021,15289,19900101,20051203
,"Capital City Bank Group, Inc.",1085509,15307,19970228,20161231
,High Point Financial Corp.,1048746,15308,19900101,19990715
,Coast Bancorp,3003570,15345,19900101,20000331
,Wintrust Financial Corporation,2260406,15385,19970331,20161231
,"Firstfed Bancorp, Inc.",2376567,15417,19900101,20050930
,"First Sterling Banks, Incorporated",2236447,15424,19900101,20060601
,"First South Bancorp, Inc.",2521509,15426,19970430,20161231
,"Codorus Valley Bancorp, Inc.",1142475,15450,19970430,20161231
,"Flagstar Bancorp, Inc.",3852022,15454,19970430,20161231
,Greater Community Bancorp,1134023,15480,19900101,20080701
,"Pathfinder Bancorp, M.H.C.",2368964,15490,19970530,20141016
,Pathfinder Bancorp Inc,2596776,15490,20141017,20161231
,Western Bancorp,1031775,15508,19900101,19991116
,Tib Financial Corp.,2457943,15532,19900101,20120331
,"Pacific Premier Bancorp, Inc.",3489594,15547,20070330,20161231
,"Monocacy Bancshares, Incorporated",2127871,15554,19900101,19981201
,Community First Banking Company,2569266,15559,19900101,20011213
,Clarkston 16Th Avenue Branch,77374,15569,19970702,20061130
,"Phs Bancorp, M.H.C.",2561215,15588,19981110,20011220
,Phsb Financial Corporation,3051188,15588,20011221,20050211
,Virginia Commonwealth Financial Corporation,1478026,15593,19900101,20020119
,Bank Of The Ozarks Inc,1097089,15596,19970731,20161231
,Community Bancorp Inc.,2801050,15600,19900101,20061027
,Lakeland Financial Corporation,1208906,15657,19970829,20161231
,Shore Financial Corporation,2639011,15662,19900101,20080601
,Valley Independent Bank,877369,15669,19970825,19980312
,Vib Corp,2626646,15669,19980313,20021226
,Virginia Commerce Bank,1190074,15675,19970902,19991222
,"Virginia Commerce Bancorp, Inc.",2856377,15675,19991223,20140131
,"First International Bancorp, Inc.",1137695,15703,19900101,20010807
,"Century Bancshares, Inc.",1130847,15704,19900101,20011208
,"Prime Bancshares, Inc.",1109517,15719,19900101,20021219
,"Annapolis Bancorp, Inc.",1472257,15728,19971031,20130405
,"Cnbt Bancshares, Inc.",2691840,15732,19900101,20040412
,"Northway Financial, Inc.",2582827,15734,19900101,20070630
,Ambassador Bank Of The Commonwealth,1496020,15762,19900101,19980912
,"Success Bancshares, Inc.",1139457,15769,19900101,20011116
,Six Rivers National Bank,1425020,15772,19900101,20040101
,Vrb Bancorp,1031298,15807,19900101,20001201
,"Bay Bancshares, Inc.",1108435,15808,19900101,20010330
,Intervest Bancshares Corporation,2049302,15848,19971128,20150210
,Security Bank Corporation,2244358,15864,19900101,20090724
,Capital Bank Corporation,2741156,15901,19900101,20120331
,Boe Financial Services Of Va,2905734,15902,19900101,20080601
,"Warwick Community Bancorp, Inc.",2615770,15903,19900101,20041001
,Borel Private Bank And Trust Company,208169,15904,19900101,20110528
,"Eastern Virginia Bankshares, Inc.",2626691,15912,19980130,20161231
,"Mahoning National Bancorp, Inc.",1980891,15913,19900101,19990930
,Slade'S Ferry Bancorp,1820700,15915,19900101,20080301
,"Mystic Financial, Inc.",2628529,15917,19980109,20050107
,Heritage Financial Corporation,2166124,15918,19980130,20161231
,"Timberland Bancorp, Inc.",2621548,15921,19980130,20161231
,Long Island Commercial Bank,1438589,15922,19980114,19990127
,Long Island Financial Corp.,2745752,15922,19990128,20051230
,C&F Financial Corporation,2183493,15926,19980130,20161231
,Sterling Financial Corporation,1143829,15931,19900101,20080405
,"Nara Bancorp, Inc.",2961879,15933,20010202,20161231
,"Hopfed Bancorp, Inc.",3832556,15956,19980227,20161231
,Republic Banking Corporation Of Florida,1079610,15968,19980212,19990715
,"Midwest Banc Holdings, Inc.",1209828,15982,19900101,20100331
,Norwood Financial Corp.,2365356,15993,19980331,20161231
,Cowlitz Bancorporation,1984040,16006,19900101,20100730
,"Cavalry Bancorp, Inc.",3072923,16014,19900101,20060316
,Independence Community Bank Corp.,1952441,16016,19900101,19980313
,"Bancorp Rhode Island, Inc.",2896458,16022,19900101,20110930
,"Gulf West Banks, Inc.",2267553,16025,19900101,20020901
,"Brookline Bancorp, Inc.",2631510,16026,19980331,20161231
,Umpqua Holdings Corporation,2747644,16035,19990313,20161231
,"Colony Bankcorp, Inc.",1085170,16037,19980430,20161231
,North Valley Bancorp,1029334,16041,19980430,20141003
,"Dearborn Bancorp, Inc.",2193906,16046,19900101,20110630
,Frontier Financial Corporation,1031346,16053,19900101,20091231
,"First Niagara Financial Group, Inc.",2648693,16060,19980430,20160729
,"Union National Bancorp, Inc.",2227258,16062,19900101,20000714
,"Main Street Bancorp, Inc",2674302,16079,19900101,20020309
,Jeffersonville Bancorp,1048504,16084,19900101,20120331
,Regency Bancorp,2283496,16096,19900101,19991007
,"Southside Bancshares, Incorporated",1245068,16107,19980529,20161231
,Central Coast Bancorp,2263407,16114,19900101,20060201
,"Guaranty Bancshares, Inc.",1862036,16115,19900101,20050630
,"Heritage Bancorp, Inc.",742225,16116,19900101,20011101
,"Glb Bancorp, Inc.",2571755,16117,19900101,20031019
,Drovers Bancshares Corporation,1117222,16132,19900101,20010701
,Pointe Financial Corporation,2224257,16151,19900101,20050506
,"Cobiz Financial, Inc.",1060328,16163,19980630,20161231
,Washington Banking Company,2406174,16173,19980630,20140430
,Pnb Financial Group,1030808,16175,19900101,19981231
,"Svb Financial Services, Inc.",2473484,16197,19900101,20050701
,Fnb Corporation,2432614,16199,19900101,20080228
,"Provident Community Bancshares, Inc.",3177341,16200,19900101,20110930
,"Bcsb Bancorp, Inc.",3832949,16202,20080410,20140214
,United Community Financial Corporation,3831250,16204,19980731,20161231
,Mid-State Bancshares,2516943,16209,19900101,20070501
,Cardinal Financial Corporation,2682996,16213,19980731,20161231
,"Psb Bancorp, Inc.",2625489,16216,19900101,20070402
,Bwc Financial Corp.,1029576,16220,19900101,20061016
,"Republic Bancorp, Inc.",1097025,16222,19980731,20161231
,"Cfs Bancorp, Inc.",3632484,16231,19980731,20131112
,"Florida Banks, Inc.",2693219,16242,19900101,20040716
,"Merrill Merchants Bancshares, Inc.",2009294,16259,19900101,20070608
,Bankfirst Corporation,1427118,16270,19900101,20001228
,"Admiralty Bancorp, Inc.",2142548,16287,19900101,20030426
,First Busey Corporation,1203602,16290,19981030,20161231
,Cny Financial Corporation,2714833,16293,19981006,20000707
,Rockingham Heritage Bank,1495331,16298,19900101,20070714
,Cnb Financial Corporation,1118340,16300,19981030,20161231
,Community Bancorp Of New Jersey,2826389,16303,19900101,20040709
,"Ucbh Holdings, Inc.",2694814,16308,19900101,20090930
,Columbia Bancorp,2378440,16311,19900101,20091231
,"Prosperity Bancshares, Inc.",1109599,16313,19981130,20161231
,Community First National Bank,417064,16318,19900101,20000829
,Wilshire State Bank,382667,16321,19981119,20040831
,"Wilshire Bancorp, Inc.",3248513,16321,20040826,20160729
,Seacoast Financial Services Corporation,2252858,16322,19981120,20040723
,"Ecb Bancorp, Inc.",2686659,16328,19981231,20130328
,"Vail Banks, Inc.",2141028,16339,19900101,20060901
,Superior Bancorp,2731858,16340,19900101,20110415
,"United Financial Holdings, Inc.",1083354,16345,19900101,20030301
,"Metrocorp Bancshares, Inc.",2344799,16351,19981231,20140116
,Lamar Capital Corporation,1141414,16354,19900101,20010701
,"Virginia Capital Bancshares, Inc.",2767585,16359,19981223,20010627
,Innes Street Financial Corporation,2953650,16362,19981229,20011231
,Lincoln Bancorp,3313354,16363,19981230,20081231
,Oneida Financial Corp.,2728625,16364,19981231,20151204
,Central Federal Corp,3828577,16365,19981231,20161231
,First Capital Inc,2867458,16367,19990129,20161231
,First Western Bank,2640772,16370,19900101,20020101
,"Gb&T Bancshares, Inc.",2670573,16371,19900101,20080501
,"Provident New York Bancorp, Inc.",3083291,16374,20040114,20161231
,Crescent Banking Company,1958827,16375,19900101,20100723
,Alliance Financial Corporation,1140510,16380,19900101,20130309
,"Cnb Florida Bancshares, Inc.",1143016,16390,19900101,20040716
,"Eldorado Bancshares, Inc.",2454894,16393,19900101,20010331
,"East West Bancorp, Inc.",2734233,16402,19990226,20161231
,Yadkin Valley Financial Corporation,3432965,16427,20060701,20161231
,Troy Financial Corporation,2767633,16456,19990331,20040116
,"Capitol Federal Financial, Inc.",4226910,16457,20101222,20161231
,"First Bancorp Of Indiana, Inc.",3832284,16464,19990407,20080507
,American National Bankshares Inc.,1076691,16487,19990430,20161231
,"1St State Bancorp, Inc.",2776813,16491,19900101,20060103
,City Bank,456474,16572,19900101,20100417
,Bank Of The Sierra,662369,16578,19990610,20010809
,Sierra Bancorp,2976396,16578,20010810,20161231
,"Team Financial, Inc.",1138795,16598,19900101,20080930
,"Financial Institutions, Inc.",1032464,16609,19990630,20161231
,"Privatebancorp, Inc.",1839319,16624,19990630,20161231
,"Greene County Bancorp, Inc",2728607,16640,19990730,20161231
,"Hudson City Bancorp, Inc.",2367556,16646,19990730,20151030
,"First Bancorp, Inc., The",1133932,16649,19990730,20161231
,Western Sierra Bancorp,2508788,16679,19900101,20060603
,"Evertrust Financial Group, Inc.",2115757,17170,19991004,20041015
,"Rome, Mhc",2823351,17181,19991006,20110331
,"Eagle Bancorp, Inc.",2652104,17183,19991029,20161231
,Rhbt Financial Corporation,2803036,17318,19900101,20020630
,"National Bankshares, Inc.",1139925,17469,19991231,20161231
,Macatawa Bank Corporation,2634696,17665,19991231,20161231
,"Fauquier Bankshares, Inc.",1076600,17667,19991231,20161231
,Bank Of Marin,1436204,17669,19991227,20070701
,Bank Of Marin Bancorp,3590388,17669,20070702,20161231
,"Mutualfirst Financial, Inc.",3175794,17670,19991231,20161231
,Lnb Bancorp Inc.,1071669,17957,20000229,20150814
,"Lakeland Bancorp, Inc.",1404799,18304,20000229,20161231
,Humboldt Bancorp,2349860,18707,19900101,20040710
,"Peoples Community Bancorp, Inc",3296877,18710,20000330,20090731
,"Bsd Bancorp, Inc.",1028560,20249,19860630,19930930
,Bankboston Corporation,1112076,20264,19860630,19991001
,"Bank Of New York Company, Inc.",1033470,20265,19860630,20070701
,"Bank Of New York Mellon Corporation, The",3587146,20265,20070701,20161231
,Bankers Trust Corporation,1032473,20266,19860630,19990630
,Chase Manhattan Corporation,1040795,20432,19860630,19960331
,Jpmorgan Chase & Co.,1039502,20436,19860630,20161231
,Citicorp,1042351,20456,19860630,19981007
,"Citizens First Bancorp, Inc.",1048607,20457,19860630,19940930
,Citigroup Inc.,1951350,20483,19881215,20161231
,Continental Bank Corporation,1020603,20511,19860630,19940831
,Equimark Corporation,1069479,20660,19860630,19930115
,First Chicago Corporation,1201028,20712,19860630,19951130
,"First City Bancorporation Of Texas, Inc.",1249338,20713,19880729,19921103
,First Fidelity Bancorporation,1248612,20717,19880229,19951231
,First Interstate Bancorp,1023538,20720,19860630,19960401
,First Pennsylvania Corp,1116113,20722,19860630,19900304
,"First Virginia Banks, Inc.",1071968,20724,19860630,20030702
,Firstar Holdings Corporation,1199479,20726,19860630,20000101
,Fleetboston Financial Corporation,1113514,20734,19860630,20040401
,Guardian Bancorp,1031412,20856,19880229,19950120
,La Jolla Bancorp,1029978,21076,19860630,19900823
,Manufacturers Hanover Corporation,1035296,21150,19860630,19911231
,J.P. Morgan & Co. Incorporated,1037115,21222,19860630,20001231
,Morgan Stanley,2162966,21224,19930602,20161231
,Wells Fargo & Company,1120754,21305,19860630,20161231
,Republic New York Corporation,1021075,21506,19860630,19991231
,"Charles Schwab Corporation, The",1026632,21578,19870930,20161231
,Signet Banking Corporation,1072107,21619,19860630,19971129
,Southeast Banking Corporation,1077689,21639,19860630,19910919
,Sterling Bancorp,1039454,21670,19860630,20131031
,"Suntrust Banks, Inc.",1131787,21691,19860630,20161231
,Summit Bancorp,1033872,21822,19860630,20010301
,Wells Fargo & Company,1027095,21902,19860630,19980930
,"Boatmen'S Arkansas, Inc",1093942,21939,19860630,19970816
,Irving Bank Corp,1033313,24906,19860630,19881230
,Wachovia Corporation,1136157,25115,19860630,20010901
,First Wyoming Bancorp,1049686,25514,19860630,19881229
,Whitney Holding Corporation,1079740,26508,19900101,20110605
,"Centura Banks, Inc.",1826056,28913,19900101,20101101
,"Northrim Bancorp, Inc.",3025385,28947,20020101,20161231
,Mbna Corporation,1871159,28976,19900101,20060101
,Sc Bancorp,1029110,28991,19900101,19971011
,Redwood Empire Bancorp,1426997,29089,19900101,20050301
,First Commonwealth Financial Corporation,1071306,29505,19920630,20161231
,"Midsouth Bancorp, Inc.",1086654,29811,19930430,20161231
,"First Citizens Bancstock, Inc.",1246636,29962,19900101,19960309
,"Corpus Christi Bancshares, Inc.",1131228,29997,19900101,19970307
,Capital One Financial Corporation,2277860,30513,19941130,20161231
,"Cornerstone Bancorp, Inc.",2746254,30856,19900101,20060102
,"First West Virginia Bancorp, Inc.",1070336,30857,19950331,20151130
,"First National Bankshares, Inc.",1083297,30872,19900101,19970228
,Teche Holding Company,3841772,30879,19950428,20140530
,"New Iberia Bancorp, Inc., The",1085406,30935,19900101,19970531
,"Bostonfed Bancorp, Inc.",2521750,30960,19951024,20050121
,"Impac Mortgage Holdings, Inc.",2684888,31194,19951121,20161231
,"Falmouth Bancorp, Inc.",2568867,31594,19971008,20040716
,"Commercial Bancshares, Incorporated",1023097,31656,19900101,19980401
,"Haywood Bancshares, Inc.",2322087,31663,19960620,20000215
,"Acadiana Bancshares, Inc.",2412559,31683,19960716,20030228
,"Pab Bankshares, Inc.",1083934,31694,19900101,20110429
,Southwest Georgia Financial Corporation,1081538,31718,19960830,20161231
,"Community Bankshares, Inc.",2074407,31791,19900101,20081101
,Bridge View Bancorp,2508425,31816,19900101,20030501
,International Bancshares Corporation,1104231,31854,19980331,20161231
,Scbt Financial Corporation,1133437,31896,19970131,20161231
,"Unity Bancorp, Inc.",2181426,31907,19970131,20161231
,Community Capital Corp.,1398937,31913,19900101,20110930
,"U.S.B. Holding Co., Inc.",1048652,31961,19900101,20080101
,"Community Bankshares, Incorporated",1131170,32021,19900101,20011130
,Bar Harbor Bankshares,1115385,32069,19970930,20161231
,Camden National Corporation,1130249,32101,19971031,20161231
,Bank Of South Windsor,1393129,32170,19900101,19980815
,First Philson Financial Corporation,1136643,32181,19900101,19990715
,"Friedman, Billings, Ramsey Group, Inc.",2926636,32183,20010401,20161231
,"Mid Penn Bancorp, Inc.",1944204,32185,19971231,20161231
,Unizan Financial Corp.,1071632,33717,19990915,20060228
,Rurban Financial Corp.,1071454,33945,20011130,20161231
,Sussex Bancorp,2461463,34666,19980227,20161231
,Local Financial Corporation,2776073,34723,19900101,20040619
,Santander Bancorp,2847115,34823,19900101,20100331
,Heritage Commerce Corp,2634874,34846,19980731,20161231
,"Salisbury Bancorp, Inc.",2693273,34857,19980831,20161231
,"F & M Bancorporation, Inc.",1204805,34874,19900101,20050418
,"Carolina First Bancshares, Inc.",1416813,35041,19900101,20000404
,"Goldman Sachs Group, Inc., The",2380443,35048,19990528,20161231
,Mercantile Bank Corporation,2608763,35205,19990730,20161231
,"Hamilton Bancorp, Inc.",1249990,35264,19900101,20020111
,Citizens Holding Company,1083475,36338,19991029,20161231
,Scripps Financial Corporation,2815682,36354,19900101,20001014
,"Pelican Financial, Inc.",2558167,36377,19900101,20060422
,Mcb Financial Corporation,2109617,36560,19900101,20020101
,"Premier Bancorp, Inc.",2614634,36563,19900101,20030801
,First City Bank,1419234,37133,19900101,20041204
,"Metlife, Inc.",2945824,37138,20010228,20161231
,Cadence Financial Corporation,1100037,37139,19900101,20100930
,Old Point Financial Corporation,1076673,37177,20000428,20161231
,Port Financial Corp,2242103,37182,20000412,20030731
,"Three Rivers Bancorp, Inc.",2873682,37192,19900101,20021001
,Peoples Financial Corporation,1133174,37522,20000531,20161231
,"Berkshire Hills Bancorp, Inc",2333663,37659,20000630,20161231
,"Hawthorn Bancshares, Inc",2038409,37716,20000630,20161231
,Pacwest Bancorp,2875332,37718,20000630,20161231
,Hfb Financial Corporation,3066977,37724,19900101,20031231
,Pacific Continental Corporation,2762973,37736,20000630,20161231
,Pacific Mercantile Bancorp,2869733,37737,20000630,20161231
,"United Security Bancshares, Inc.",1086168,37750,20000630,20161231
,"American Community Bancshares, Inc.",2900784,37912,19900101,20090417
,Pennrock Financial Services Corp.,1139813,37951,19900101,20050701
,Pacific Union Bank,803162,38453,19900101,20040501
,Middleburg Financial Corporation,2176413,39167,20000929,20161231
,Valencia Bank & Trust,1157255,39178,19900101,20021101
,American River Bankshares,2312837,40193,20001031,20161231
,Bank Mutual Corp New,2929374,40983,20010205,20161231
,"Commonwealth Bankshares, Inc.",1250606,40986,19900101,20110923
,Peapack-Gladstone Financial Corporation,2651590,41007,20001130,20161231
,Brunswick Bancorp,1136344,41076,20001226,20070209
,Hanmi Financial Corporation,2900261,41159,20010131,20161231
,Sterling Branch,1931941,41268,19900101,20061231
,"Centerstate Banks, Inc.",2868129,41269,20010228,20161231
,East Penn Financial Corporation,3186240,41270,19900101,20071117
,"Community Capital Bancshares, Inc.",2775142,41385,19900101,20071231
,Business Bancorp,2853666,41386,20010306,20040115
,"First Community Bancshares, Inc.",1478017,41388,20010330,20161231
,"United Bancshares, Inc.",1136009,41393,20010330,20161231
,5Th And Taylor Financial Center Branch,2508779,41458,19900101,20071231
,First Banctrust Corporation,2971261,41459,20010419,20081021
,First Citizens Banc Corp,1246533,41460,20010430,20161231
,"Shore Bancshares, Inc.",2429838,41464,20010430,20161231
,Franklin Financial Corporation,1495229,41554,19900101,20040611
,Monroe Bancorp,1210299,41558,19900101,20110101
,United Security Bancshares,3015975,41564,20010612,20161231
,"Gateway Financial Holdings, Inc.",2973591,41697,19900101,20081231
,Glen Burnie Bancorp,2001328,41698,20010629,20161231
,Cnbc Bancorp,2501798,41814,19900101,20030301
,"Evans Bancorp, Inc.",1401190,41815,20010731,20161231
,Vineyard National Bancorp,1364110,41821,19900101,20080930
,Firstbank Corporation,1134322,41974,20010831,20140530
,Mackinac Financial Corporation,1123933,41979,20010831,20161231
,Tower Financial Corporation,2745604,42116,20010928,20140425
,Charter Financial Corporation,3145694,42266,20011031,20130408
,Charter Financial Corp/Md,4459839,42266,20130409,20161231
,"Principal Financial Group, Inc.",3853449,42285,20011031,20131231
,"Penns Woods Bancorp, Inc.",1117688,42396,20011130,20161231
,Westfield Financial Inc,2338471,42533,20011231,20161231
,Alliance Bank Corporation,2712978,42534,20011205,20020815
,Alliance Bankshares Corporation,3123638,42534,20020816,20120930
,Albemarle First Bank,2751977,42535,19900101,20060701
,Community Central Bank Corporation,2443526,42539,19900101,20100930
,1St Constitution Bancorp,2784920,42541,20011231,20161231
,"Madison Bancshares, Inc.",3026551,42543,19900101,20040821
,Southern Community Financial Corporation,2981831,42548,19900101,20120930
,"Union Bankshares, Inc.",1114940,42549,20000731,20161231
,Integrity Financial Corporation,2803474,42652,19900101,20060429
,Stellarone Corporation,2502049,42653,20020131,20131231
,Wgnb Corp.,1134911,42654,19900101,20100129
,Millennium Bankshares Corporation,2767660,42785,19900101,20080930
,American Bank Incorporated,3008753,42909,19900101,20070630
,"United Community Banks, Inc.",1249347,42912,20020328,20161231
,"Pinnacle Financial Partners, Inc.",2925657,43147,20020531,20161231
,"Sturgis Bancorp, Inc.",3051571,43259,20020603,20050223
,"Severn Bancorp, Inc.",3831465,43260,20020628,20161231
,"West Bancorporation, Inc.",1210066,43261,20020628,20161231
,Cit Group Inc.,1036967,43340,20020731,20161231
,Crescent Financial Corporation,3027709,43448,20020830,20140703
,"First Pactrust Bancorp, Inc.",3153130,43449,20020830,20161231
,"James Monroe Bancorp, Inc.",2805683,43450,19900101,20060718
,"Monarch Community Bancorp, Inc",3226520,43451,20060603,20120928
,"Texas United Bancshares, Incorporated",2663838,43453,19900101,20070201
,Bank Of Mckenney,746429,43502,19900101,20090930
,Mountainbank Financial Corporation,2983394,43505,19900101,20031003
,North Bay Bancorp,2845175,43506,19900101,20070427
,Center Financial Corporation,3003178,43612,19900101,20110930
,"First National Bancshares, Inc.",2720067,43614,19900101,20060413
,"Green Bankshares, Inc.",1133277,43615,19900101,20120630
,"Jacksonville Bancorp, Inc.",2737766,43616,20021031,20160311
,"Taylor Capital Group, Inc.",2495039,43617,20021031,20140817
,Parke Bank,2764212,43689,20021121,20050601
,"Parke Bancorp, Inc",3347292,43689,20050602,20161231
,Southern Community Bank & Trust,2760232,43692,20021112,20040430
,Village Bank And Trust Financial Corp.,3251027,43692,20040501,20161231
,Somerset Hills Bancorp,2950480,43694,20021129,20130531
,Bank Of Florida Corporation,2796624,43781,19900101,20100528
,"Carolina Bank Holdings, Inc.",2943473,43783,20021231,20161231
,Ohio Legacy Corp.,2873039,43786,19900101,20120930
,"Bridge Bank, National Association",3025406,43843,20030127,20040930
,Bridge Capital Holdings,3280988,43843,20041001,20150629
,First Community Corporation,2337401,43845,20030131,20161231
,"Bridge Street Financial, Inc.",3138119,43847,19900101,20061007
,"Provident Financial Services, Inc.",3133637,43857,20030131,20161231
,Boardwalk Bank,2835626,43906,19900101,20080201
,"First Shares Bancorp, Inc.",2294700,43975,19900101,20040801
,"Waccamaw Bankshares, Inc",3004689,43978,19900101,20101231
,St. Joseph Capital Corporation,2474931,44005,19900101,20070202
,"Ibt Bancorp, Inc.",1141674,44034,19900101,20080607
,"Heartland Financial Usa, Inc.",1206546,44055,20030530,20161231
,Mbt Financial Corp.,2907822,44057,20030530,20161231
,Monmouth Community Bancorp,2910055,44058,19900101,20101201
,Optimumbank.Com,2953418,44059,20030508,20040429
,"Optimumbank Holdings, Inc.",3251661,44059,20040430,20161231
,First Washington Financialcorp,2693488,44116,19900101,20050101
,"Nb&T Financial Group, Inc.",1070756,44119,20030630,20150306
,"Jefferson Bancshares, Inc.",3821756,44174,20081101,20140530
,Monarch Bank,2718345,44175,20030715,20060601
,"Monarch Financial Holdings, Inc",3435386,44175,20060601,20160624
,Premierwest Bancorp,2867542,44177,20030731,20130409
,"Atlantic Bancgroup, Inc.",2757184,44286,20030829,20101116
,Bnc Bancorp,3141650,44287,20030829,20161231
,Sterling Bank,1819366,44291,19900101,20100717
,"Texas Capital Bancshares, Inc.",2706735,44292,20030829,20161231
,Univest Corporation Of Pennsylvania,1116609,44293,20030829,20161231
,Cape Fear Bank,2706016,44492,19900101,20090411
,"Rainier Pacific Financial Group, Inc.",3201518,44503,20031021,20100301
,First Marblehead Corporation,3866373,44512,20061130,20150630
,"Coast Financial Holdings, Inc",3155769,44618,19900101,20091230
,Knbt Bancorp Inc.,3199567,44622,20031103,20080201
,Marlin Business Services Corp.,3832583,44623,20090113,20161231
,"Old Line Bancshares, Inc.",3200221,44692,20031231,20161231
,"First National Bankshares Of Florida, Inc.",3217340,44706,19900101,20050101
,Bank Of Oak Ridge,2903123,44812,20040130,20130731
,Cheviot Financial Corp,4368735,44813,20120118,20160520
,"Bancorp, Inc., The",2858951,44891,20040203,20161231
,Hilltop Holdings Inc,3838727,44892,20121201,20161231
,"Wilber Corporation, The",1048670,44919,19900101,20110409
,Clifton Savings Bancorp Inc,3264764,44993,20040331,20161231
,Central Valley Community Bancorp,2935405,44995,20040331,20161231
,"Simplicity Bancorp, Inc.",4253073,44996,20101119,20150227
,Signature Bank,2942690,44999,20040331,20161231
,"Bank Holdings, The",3192997,45001,19900101,20100618
,"Newalliance Bancshares, Inc.",3214095,45086,20040402,20110415
,"Smithtown Bancorp, Incorporated",1048997,45090,19900101,20101201
,Sun American Bancorp,2526764,45181,19900101,20100305
,University Drive Branch,3035245,45195,19900101,20080401
,"Southern Connecticut Bancorp, Inc",3019946,45289,20040630,20130621
,Bank Of Commerce Holdings,1030040,45295,20040630,20161231
,Access National Corporation,3109904,45415,20040730,20161231
,Xenith Bank,3153288,45434,20040730,20160729
,Tamalpais Bancorp,3836442,45481,20040809,20100416
,"Eurobancshares, Inc.",3106864,45482,19900101,20090930
,Placer Sierra Bancshares,3084953,45485,19900101,20110801
,"Snb Bancshares, Inc.",2345077,45487,19900101,20060331
,Southcoast Financial Corporation,2794778,45527,20031128,20160616
,"Southern First Bancshares, Inc.",2849799,45559,20040930,20161231
,Heritage Oaks Bancorp,2253529,45560,20040930,20161231
,Valley Bancorp,2995164,45567,19900101,20061014
,Atlantic Coast Financial Corporation,3840029,45707,20041029,20161231
,Naugatuck Valley Financial Corp,3306806,45722,20041029,20160115
,Psb Holdings Inc,3151994,45723,20041029,20160106
,"Pb Bancorp, Inc.",3152003,45723,20160108,20161231
,Si Financial Group Inc,3306815,45727,20041029,20161231
,"Abington Bancorp, Inc",3846535,45990,20041217,20110930
,Ames National Corporation,1202258,45993,20041231,20161231
,Bank Of The Carolinas,2750699,45994,20041230,20060820
,Bank Of The Carolinas Corporation,3447398,45994,20060821,20120330
,Carolina Trust Bank,2966614,45996,20041231,20161231
,Community Bancorp,3124381,45997,20041210,20090817
,First State Financial Corporation,2621267,46002,20041210,20090807
,"Home Federal Bancorp, Inc.",3843057,46003,20071219,20140516
,Ocean Shore Holding Company,3848285,46008,20041231,20161130
,Citizens And Northern Corporation,1143623,46103,20050131,20161231
,"Summit Financial Group, Inc.",1247679,46112,20050131,20161231
,"Mercantile Bancorp, Inc.",1099328,46159,20050228,20110930
,Community Shores Bank Corporation,2735333,46270,20050222,20101215
,"Enterprise Bancorp, Inc.",2461016,46272,20050228,20161231
,Enterprise Financial Services Corp,2303910,46273,20050228,20161231
,Kearny Financial Corp,3099443,46281,20050228,20161231
,Preferred Bank,1918344,46284,20050228,20161231
,"Bofi Holding, Inc.",3814310,46441,20050331,20161231
,"Commercefirst Bancorp, Inc.",2897727,46442,20050301,20120331
,Kentucky First Federal Bancorp,3824494,46443,20050331,20161231
,"Prudential Bancorp, Inc. Of Pennsylvania",3314584,46444,20050331,20161231
,"Benjamin Franklin Bancorp, Inc.",2333654,46556,20050405,20090409
,Fedfirst Financial Corp New,3831296,46560,20050429,20141031
,First Fed Northn Mi Bancorp Inc,3852107,46561,20050429,20151231
,Liberty Bell Bank,3205253,46563,20050422,20081231
,Northern Empire Bancshares,1129887,46693,20050520,20070301
,Plumas Bancorp,3098576,46694,20050531,20161231
,"Rockville Financial, Inc.",2509413,46695,20050531,20161231
,Bankfinancial Corporation,3035928,46844,20050630,20161231
,"Beach First National Bancshares, Inc.",2391243,46845,20050609,20100409
,"Colonial Financial Services, Inc.",4201748,46847,20100713,20150331
,"Heritage Financial Group, Inc.",3846469,46854,20050630,20150630
,Southwest Community Bancorp,3157473,46867,20050614,20060609
,Western Alliance Bancorporation,2349815,46890,20050630,20161231
,"Fpb Bancorp, Inc.",3049671,47016,20050721,20110418
,Pacific State Bancorp,3109605,47022,20050712,20100520
,Pebble Creek Branch,3267185,47024,20050706,20081014
,Temecula Valley Bancorp Inc.,3102585,47027,20050729,20090720
,"United Financial Bancorp, Inc.",3866805,47028,20071203,20140430
,"First Security Group, Inc.",2836801,47209,20050831,20151030
,"Ameriprise Financial, Inc.",2433312,47422,20051031,20161231
,"Community Bancshares, Inc.",1129430,47437,20050920,20061107
,Nexity Financial Corporation,2836883,47444,20050921,20090206
,"State National Bancshares, Inc.",2442640,47446,20050930,20070103
,"Appalachian Bancshares, Inc.",2468293,47875,20051006,20091022
,Guaranty Bancorp,3254952,47876,20051031,20161231
,"First Business Financial Services, Inc.",1247428,47877,20051031,20161231
,"Investors Bancorp, Mhc",2477754,47880,20051031,20161231
,"Wauwatosa Holdings, Inc.",3357394,47887,20051005,20070928
,Waterstone Financial Inc,3851397,47887,20070929,20140122
,Waterstone Financial Inc,4523431,47887,20140123,20161231
,Bank Of Virginia,3198421,48767,20051130,20131231
,Cordia Bancorp Inc,4129002,48767,20140101,20160831
,"First National Bancshares, Inc.",2859565,48772,20051101,20100707
,"Bcb Bancorp, Inc.",3170539,49991,20051230,20161231
,Capitalsouth Bancorp,1925968,49992,20051213,20090319
,Carolina National Corporation,3109436,49993,20051215,20080201
,"New England Bancshares, Inc.",3137970,50001,20070712,20120930
,"Connecticut Bank & Trust Company, The",3251081,50196,20060127,20120430
,"Magyar Bancorp, Mhc",3382855,50202,20060131,20161231
,Americasbank Corp,2826781,50483,20060313,20080711
,United Community Bancorp,3848454,50495,20060331,20130108
,United Community Bancorp,4460479,50495,20130109,20161231
,Community Partners Bancorp,3395668,50590,20060428,20161231
,Lake Shore Bancorp Inc,3464313,50594,20060428,20161231
,Valley Financial Corporation,2314327,50602,20060428,20150630
,Bay National Corporation,2887652,50724,20060515,20100604
,Community Valley Bancorp,3108091,50730,20060501,20090925
,"First Bancshares, Inc., The",2385493,50731,20060531,20161231
,Beverly National Corporation,1115433,50828,20060619,20091030
,Community Bankers Trust Corporation,3687046,50830,20080601,20161231
,"Home Bancshares, Inc.",1491409,50861,20060630,20161231
,"New Century Bancorp, Inc.",3207659,50865,20060630,20161231
,"Tennessee Commerce Bancorp, Inc.",2916169,50872,20060609,20110930
,"Chicopee Bancorp, Inc.",3434633,50970,20060731,20161021
,"Civitas Bankgroup, Inc.",1493832,50972,20060718,20070518
,First Clover Leaf Financial Corp,3438284,50973,20060731,20160908
,Northeast Community Bancorp Inc,3435742,50976,20060731,20151231
,Newport Bancorp Inc,3644160,50977,20060731,20130906
,Roma Financial Corp,3464322,50978,20060731,20131206
,Summit State Bank,561574,50979,20060731,20161231
,Community National Bank Of The Lakeway Area,3183584,51108,20060816,20081218
,"Hampton Roads Bankshares, Inc.",3012554,51109,20060831,20161231
,"Integrity Bancshares, Inc.",2924360,51206,20060906,20080327
,"Omni Financial Services, Inc.",2868071,51207,20060929,20080721
,"Porter Bancorp, Inc.",1249712,51209,20060929,20161231
,"Fox Chase Bancorp, Inc.",3846601,51309,20061031,20160630
,"Tidelands Bancshares, Inc.",3185476,51314,20061004,20110624
,"Viewpoint Financial Group, Inc.",4191465,51319,20100706,20161231
,Citizens First Corporation,2750952,51444,20061130,20161231
,"Citizens Community Bancorp, Inc.",3823929,51445,20061130,20161231
,"Southern National Bancorp Of Virginia, Inc.",3325740,51457,20061130,20161231
,"Wsb Financial Group, Inc.",3350005,51567,20061214,20090508
,Alliance Bancorp Inc Pa New,3846580,51650,20070131,20151009
,"Hampden Bancorp, Inc.",3228702,51654,20070131,20150417
,Oritani Financial Corp New,2692892,51661,20070131,20161231
,"First California Financial Group, Inc.",1031681,51989,20070313,20130531
,Stewardship Financial Corporation,2290560,51999,20070330,20161231
,"Vsb Bancorp, Inc.",3165508,52002,20070330,20131231
,"Atlantic Southern Financial Group, Inc.",3264812,52130,20070416,20110128
,C M S Bancorp Inc,3671960,52131,20070430,20150428
,"Essa Bancorp, Inc.",3854268,52134,20070430,20161231
,Tfs Financial Corp,3828045,52142,20070430,20161231
,"First Capital Bancorp, Inc.",3454172,52374,20070629,20151231
,Discover Financial Services,3846375,52396,20090313,20161231
,Beneficial Mutual Bancorp Inc,3846629,52541,20070731,20161231
,"Encore Bancshares, Inc.",3555341,52543,20070718,20120731
,Louisiana Bancorp Inc,3841914,52545,20070731,20150915
,Silver State Bancorp,2777614,52552,20070718,20080905
,"First Financial Northwest, Inc.",3843628,52773,20071031,20161231
,Laporte Bancorp Inc,3866739,52777,20071031,20121004
,Townebank,2797724,52785,20071031,20161231
,Western Liberty Bancorp,3958988,52835,20101029,20120630
,First Advantage Bancorp,3842126,52860,20071130,20130531
,Northfield Bancorp Inc,3132863,52863,20071130,20161231
,Great Florida Bank,3277876,52879,20071205,20100519
,"Danvers Bancorp, Inc.",2704562,52919,20080110,20110630
,"Meridian Interstate Bancorp, Inc",3402472,52920,20080131,20140726
,Meridian Bancorp Inc (Md),1902651,52920,20140729,20161231
,Cape Bancorp Inc,3832819,52948,20080229,20160429
,"Midwestone Financial Group, Inc.",1245228,52970,20080331,20161231
,Malvern Federal Bancorp Inc,3805279,53026,20080530,20161231
,"Bancorp Of New Jersey, Inc.",3554250,53031,20080630,20161231
,"Bridge Bancorp, Inc.",1416523,53043,20080630,20161231
,"First Savings Financial Group, Inc.",3908929,53097,20081031,20161231
,"Home Bancorp, Inc.",3851191,53098,20081031,20161231
,"Bank Of Kentucky Financial Corporation, The",2291624,53105,20081128,20150619
,Herald National Bank,3830235,53109,20081209,20120330
,"1St Century Bancshares, Inc.",3602236,53112,20081231,20160630
,Dnb Financial Corporation,1117455,53114,20090130,20161231
,Oak Valley Bancorp,3726440,53116,20090130,20161231
,"Orrstown Financial Services, Inc.",1248153,53141,20090430,20161231
,Tower Bancorp Inc.,1118292,53142,20090406,20110930
,Territorial Bancorp Inc.,3954681,53187,20090731,20161231
,"1St United Bancorp, Inc.",2860431,53220,20090930,20141031
,Hudson Valley Holding Corp.,1048803,53222,20090930,20150629
,First Chester County Corporation,1118425,53249,20091023,20101210
,Emclaire Financial Corp,1480944,53285,20091130,20161231
,Athens Bancshares Corp,4101437,53328,20100129,20151231
,"Omniamerican Bancorp, Inc.",4131751,53333,20100129,20141217
,"First Interstate Bancsystem, Inc.",1123670,53368,20100331,20161231
,Eagle Bancorp Montana Inc,4126609,53402,20100430,20161231
,First American Financial Corporation,1250101,53407,20100630,20161231
,"Peoples Federal Bancshares, Inc.",4183536,53475,20100730,20150220
,Park Sterling Corporation,4210478,53496,20110101,20161231
,Standard Financial Corporation,4183442,53545,20101029,20130930
,First Republic Bank,4114567,53609,20101231,20161231
,Acnb Corporation,1117464,53624,20101231,20161231
,Home Federal Bancorp Inc La,4253121,53628,20101231,20161231
,"Anchor Bancorp, Inc.",3843712,53636,20110131,20161231
,"Bankunited, Inc.",4028712,53647,20110131,20161231
,Ally Financial Inc,1562859,53687,20140430,20161231
,Franklin Financial Corporation,3832604,53722,20110429,20150102
,State Bank Financial Corporation,4036324,53729,20110429,20161231
,"First Connecticut Bancorp, Inc.",3407598,53820,20110630,20161231
,If Bancorp Inc,4299316,53847,20110729,20161231
,"Palmetto Bancshares, Inc.",1075984,53872,20110831,20150831
,Farmers National Banc Corp.,1071191,53882,20110930,20161231
,Lcnb Corp.,2759900,53883,20110930,20161231
,"Poage Bankshares, Inc.",4303969,53886,20110913,20161231
,"Asb Bancorp, Inc.",4281441,53897,20111031,20161231
,Bsb Bancorp Inc.,3929791,53898,20111031,20161231
,Bank Of The James Financial,3217032,53976,20120131,20161231
,"Wellesley Bancorp, Inc.",4325121,53979,20120131,20161231
,"Homestreet, Inc.",3843507,54001,20120229,20161231
,Nationstar Mortgage,3935523,54012,20120318,20161231
,Everbank Financial Corp,3838857,54068,20120531,20161231
,"Georgetown Bancorp, Inc.",3919756,54148,20120711,20161231
,Howard Bancorp Inc,3386910,54149,20120731,20161231
,"Hometrust Bancshares, Inc.",4366003,54151,20120731,20161231
,"Sound Financial Bancorp, Inc.",3843646,54169,20121228,20161231
,National Bank Holdings Corporation,3973888,54180,20120928,20161231
,Capital Bank Financial Corp.,4160939,54191,20120928,20161231
,Cu Bancorp/Ca,4392132,54221,20121031,20161231
,"Madison County Financial, Inc.",4441414,54229,20121004,20151030
,Chemung Financial Corp,1133594,54270,20121130,20161231
,"Polonia Bancorp, Inc.",3845592,54272,20121113,20151231
,Washingtonfirst Bankshares,3922466,54285,20121231,20161231
,Intermountain Community Bancorp,2634490,54308,20130131,20141031
,"Connectone Bancorp, Inc",3778542,54329,20130228,20140630
,First Internet Bancorp,3393178,54332,20130228,20161231
,Independent Bk Grp Inc,3140288,54377,20130430,20161231
,Westbury Bancorp Inc,4472249,54382,20130430,20161231
,Customers Bancorp Inc,4284536,54408,20130531,20161231
,First Nbc Bank Holding Co,3485541,54417,20130531,20161231
,Tristate Capital Hldgs Inc,3475074,54422,20130531,20161231
,Community Financial Cp (The),2523389,54567,20130930,20161231
,Stonegate Mortgage Corporation,3954878,54594,20131010,20161231
,Baylake Corp,1202708,54647,20131129,20160429
,First Bank,3401970,54651,20131115,20161231
,"Coastway Bancorp, Inc.",4395683,54716,20140131,20161231
,Talmer Bancorp Inc,3609682,54747,20140228,20160831
,Square 1 Financial Inc,3345430,54795,20140331,20151006
,Opus Bank,2047504,54825,20140430,20161231
,Peoples Financial Services,1139541,54827,20140430,20161231
,Bankwell Financial Group Inc,3553815,54858,20140530,20161231
,First Mid Ill Bancshares Inc,1206760,54861,20140530,20161231
,Servisfirst Bancshares Inc,3635319,54870,20140530,20161231
,Stonegate Bank/Fl,3339046,54871,20140530,20161231
,Synchrony Financial,4504654,54936,20140731,20161231
,Blue Hills Bancorp Inc,3742020,54948,20140731,20161231
,Carolina Financial Corp,2507790,54949,20140731,20161231
,Investar Holding Corp,4090054,54959,20140731,20161231
,"Sunshine Bancorp, Inc.",4648718,54972,20140715,20161231
,C1 Financial Inc,4558901,54982,20140829,20160721
,Fcb Financial Holdings Inc,3944628,54983,20140829,20161231
,Green Bancorp Inc,3474835,54993,20140829,20161231
,Citizens Financial Group Inc,1132449,55006,20140930,20161231
,Middlefield Banc Corp,1398740,55027,20140930,20161231
,Cb Financial Services Inc,3333718,55036,20141128,20161231
,Great Western Bancorp Inc,4809920,55050,20141031,20161231
,Entegra Financial Corp,2427665,55074,20141031,20161231
,"Melrose Bancorp, Inc.",4647887,55079,20141022,20161231
,Veritex Holdings Inc,4105266,55085,20141031,20161231
,First Foundation Inc,3842658,55109,20141128,20161231
,Triumph Bancorp Inc,3233126,55123,20141128,20161231
,First Northwest Bancorp,4438366,55170,20150130,20161231
,County Bancorp Inc,2524788,55171,20150130,20161231
,Avenue Financial Holdings,3541483,55189,20150227,20160630
,Franklin Finl Network Inc,3637582,55204,20150331,20161231
,National Commerce Corp,3551389,55213,20150331,20161231
,Peoples Utah Bancorp,2748995,55319,20150630,20161231
,Commerce Union Bancshares/Tn,3729562,55349,20150731,20161231
,Equitable Financial Corp.,4841041,55354,20150709,20161231
,First Cmnty Finl Partners,3447585,55356,20150731,20161231
,Live Oak Bancshares Inc,3884863,55361,20150731,20161231
,Provident Bancorp Inc,2838159,55368,20150731,20161231
,Atlantic Cap Bancshares Inc,3555686,55423,20151130,20161231
,Allegiance Bancshares Inc,3744239,55451,20151030,20161231
,Equity Bancshares Inc,3180547,55480,20151130,20161231
,First Guaranty Bancshares,3589560,55481,20151130,20161231
,Smartfinancial Inc,1131497,55508,20151231,20161231
,Nicolet Bankshares Inc,3103603,55525,20160229,20161231
,Midland States Bancorp,1491351,55567,20160531,20161231
,Harborone Bancorp Inc,4973362,55587,20160630,20161231
,Paragon Commercial Corp,3021800,55590,20160630,20161231
,"Fsb Bancorp, Inc.",3793657,55616,20160714,20161231
,"Randolph Bancorp, Inc.",3122846,55624,20160701,20161231
,"Wcf Bancorp, Inc.",4974631,55628,20160714,20161231
,"First Hawaiian, Inc.",1025608,55670,20160804,20161231
,Capstar Financial Hldgs Inc,4933272,55691,20160930,20161231
,Fb Financial Corp,1132104,55705,20160930,20161231
,"Bancorp 34, Inc.",5009026,55745,20161012,20161231
,Hometown Bankshares Corp,3848342,55751,20161031,20161231
