comnam,minimum,maximum,avg,med,std_dev,iqr,skew,kurt
1ST CONSTITUTION BANCORP,-0.21711717545986176,0.21621622145175934,4.398257721334078e-4,0,0.028300814235119508,0.021826445125043392,0.277008842838824,12.402384688370306
1ST SOURCE CORP,-0.2669968008995056,0.37437498569488525,7.738894164339008e-4,0,0.025873287021675993,0.024469076190143824,0.7029180748150715,17.491438673013032
A B C BANCORP,-0.1320754736661911,0.221640482544899,7.472799580784207e-4,0,0.022752661348748714,0.024478367529809475,0.4285401668796223,7.988423314777315
ACCESS NATIONAL CORP,-0.21052630245685577,0.22334007918834686,8.922250661329003e-4,0,0.023512831963414794,0.018651461228728294,0.4560020167814868,16.11117139769405
A C N B CORP,-0.06060606241226196,0.08422550559043884,7.374831619269297e-4,0,0.015181143530528064,0.01605080091394484,0.4256029375869849,5.47930369186058
AMERICAN NATIONAL BANKSHARES INC,-0.18478260934352875,0.1818181872367859,4.400177286292532e-4,0,0.0218500801173321,0.018506297143176198,0.5231844406406929,11.932315267463755
AMERIS BANCORP,-0.24927815794944763,0.31111112236976624,9.255581779603515e-4,0,0.034640749343818736,0.02476763306185603,0.8277344669203903,18.4155775353868
AMERISERV FINANCIAL INC,-0.32510289549827576,0.5094339847564697,6.480309596485264e-4,0,0.03427520619480156,0.0245578084141016,1.103574669173239,29.85966887355219
AMES NATL CORP,-0.3421989977359772,0.6986687779426575,6.342011696731871e-4,0,0.032811488534370915,0.02525124605745077,3.015073047526836,81.26564003195917
ARROW FINANCIAL CORP,-0.183381125330925,0.28991231322288513,7.677639212366536e-4,0,0.02079095636670011,0.020059502450749278,0.7761679189551648,16.57715481488038
ASSOCIATED BANC CORP,-0.17303268611431122,0.21353374421596527,4.706392220674804e-4,0,0.021218535272708325,0.0188200487755239,0.28589563869789414,14.622555328512194
ASTORIA FINANCIAL CORP,-0.19596868753433228,0.17133954167366028,5.612670305780949e-4,0,0.021276524095896362,0.018886598758399487,0.13063017469592533,13.924870975487767
AVONDALE FINANCIAL CORP,-0.19230769574642181,0.1666666716337204,2.5012036382749276e-4,0,0.022367827176669908,0.01951637491583824,-0.2995825181601126,13.782690890058674
BANCFIRST CORP,-0.22024622559547424,0.236677348613739,6.411547402278746e-4,0,0.0205508625464455,0.019949946319684386,0.4073376055443026,12.88619288711609
BANC OF CALIFORNIA INC,-0.2904851734638214,0.18383656442165375,6.255611281941093e-4,7.897297036834061e-4,0.02101899656047182,0.01968555082567036,-2.4485910977467404,51.79333930243312
BANCORP HAWAII INC,-0.0419580414891243,0.05181347206234932,5.128649765795044e-4,0,0.011261288131420015,0.013112100539729,0.23814665597397872,4.758987780814278
BANCORP INC,-0.2876543700695038,0.36789289116859436,3.4982951923917673e-4,0,0.03382389039895726,0.028856488643214107,1.1178986939562288,20.767391175858933
BANKAMERICA CORP NEW,-0.10892236232757568,0.08564231544733047,0.0027417690059034308,0.002445804770104587,0.029329255994050844,0.03790874406695366,-0.11695700875619135,3.820628862559182
BANKFINACIAL CORP,-0.2044944167137146,0.1843317598104477,3.214053713276689e-4,0,0.021415661516476715,0.019621090730652213,0.23155412903441863,13.178788928282312
BANK MUTUAL CORP,-0.09338993579149246,0.09220638126134872,0.002199022817090015,8.130210917443037e-4,0.017344488777062458,0.015723312506452203,0.07427666432763327,6.832630116907239
BANK MUTUAL CORP NEW,-0.1326828896999359,0.16722407937049866,2.4099854290200593e-4,0,0.02081625058216633,0.01982858288101852,0.2894803863500174,8.151101164119147
BANK NEW YORK INC,-0.15509435534477234,0.16163410246372223,7.91331871928881e-4,0,0.019983182665840808,0.020095374900847673,0.26380812481642235,8.332815971089051
BANK OF AMERICA CORP,-0.28969359397888184,0.35269126296043396,3.077991129500574e-4,0,0.03147365426941871,0.020741288550198078,0.8743871322366866,26.915822416483905
BANK OF COMMERCE HOLDINGS,-0.2433333396911621,0.23237882554531097,1.8793156950779982e-4,0,0.025921165609386104,0.0189992084633559,-0.09198683916468134,15.37924166980306
BANK OF HAWAII CORP,-0.22514283657073975,0.13821138441562653,5.98062898947077e-4,6.836549146100879e-4,0.017703402057485555,0.015541830100119114,-0.23127128933818078,17.759251219499113
BANK OF MARIN,-0.07692307978868484,0.1538461595773697,2.2306112398755794e-4,0,0.01813809859486506,0.013779413420706987,0.9169715440122543,9.86931997444209
BANK OF MARIN BANCORP,-0.09047617018222809,0.15205605328083038,5.665400588164945e-4,0,0.017907167159064798,0.01656041294336319,0.5552786949591928,8.32221970417301
BANK OF NEW YORK MELLON CORP,-0.2715778052806854,0.2480650097131729,5.090100900256244e-4,3.034757246496156e-4,0.02749723514930229,0.02084833080880344,0.6851509687895332,20.19582889369616
BANK OF THE OZARKS INC,-0.14268089830875397,0.14004796743392944,0.0010747883193183243,2.252634585602209e-4,0.021758623237118822,0.020536847412586212,0.1365604478353864,8.207223556522836
BANK SIERRA PORTERVILLE CA,-0.21382290124893188,0.36263737082481384,-6.427214760104474e-4,0,0.038948162465945124,0.03645995445549488,1.6008909277522938,22.854826897005548
BANKUNITED INC,-0.09499000757932663,0.06652918457984924,4.0800605154856114e-4,6.995613221079111e-4,0.015171078409376334,0.015824154019355774,-0.28217349112062284,6.906392827533949
BANKWELL FINANCIAL GROUP INC,-0.0921425074338913,0.10661943256855011,0.0010959660575814213,5.091077764518559e-4,0.01689239731569112,0.012803939171135426,0.2653636682925113,9.51600412203313
BAR HARBOR BANKSHARES,-0.12396693974733353,0.1586698442697525,5.253097807899679e-4,0,0.016604331141084786,0.014994155149906874,0.6196441627752123,11.819725606684067
BBCN BANCORP INC,-0.0827067494392395,0.06549365818500519,6.416326257054147e-4,9.941653115674853e-4,0.01658241581726338,0.020107234129682183,-0.12738511840691516,4.243892260511274
B B & T CORP,-0.2336217761039734,0.2361251413822174,4.945108478926732e-4,3.2053375616669655e-4,0.02161455101874701,0.017848001793026924,0.6371113729037999,19.973849618376878
B C B BANCORP INC,-0.11746028065681458,0.19720929861068726,0.0010263736967573486,0,0.023100735940166775,0.01816541515290737,0.7249308506069396,11.782868818845133
BEAR STATE FINANCIAL INC,-0.11758248507976532,0.14196766912937164,8.397672488344088e-4,0,0.023035294827734597,0.019442731514573097,0.3752121717976068,10.311208052659927
BENEFICIAL BANCORP INC,-0.043026700615882874,0.04566564783453941,0.0011216811867973296,7.67477264162153e-4,0.01089506678896097,0.01264059729874134,0.27148689340902704,4.459554616831819
BENEFICIAL MUTUAL BANCORP INC,-0.17476549744606018,0.13846157491207123,3.3616933529425627e-4,0,0.01972293872893598,0.018414998427033424,0.22736665212492174,11.276618199267396
BERKSHIRE HILLS BANCORP INC,-0.11417728662490845,0.14613179862499237,5.387613109554484e-4,0,0.018885061267861932,0.016812050249427557,0.3510583163767952,9.341068195937297
B N C BANCORP,-0.23822712898254395,0.28272247314453125,7.908904410637758e-4,0,0.028131225281791728,0.022554849972948432,0.5535658183686251,18.55283208932705
B OF I HOLDING INC,-0.3019014298915863,0.19398772716522217,0.0013096439831018394,0,0.027580587925860257,0.022229231894016266,0.004422655486007375,13.419439195023298
BOSTON PRIVATE BANCORP INC,-0.125,0.1428571492433548,0.0013822737499740282,0,0.04231848094399849,0.049390243366360664,0.24886581116479045,3.718746298221492
BOSTON PRIVATE FINL HLDGS INC,-0.26583537459373474,0.276437908411026,5.871914410094923e-4,0,0.030578186198064444,0.025459009455516934,0.30994359314126724,13.044645625504561
BRIDGE BANCORP INC,-0.10454542189836502,0.22117115557193756,5.390227376747336e-4,4.446522507350892e-4,0.021932418705535087,0.02120237424969673,0.5223242417105177,10.696211571165948
BROOKLINE BANCORP INC,-0.1390610933303833,0.2658959925174713,5.278328812185439e-4,0,0.01934617686704247,0.017860936699435115,1.0358478902281116,18.287889023479462
BRYN MAWR BANK CORP,-0.18440644443035126,0.21807363629341125,3.988753347528833e-4,0,0.020806847904800422,0.018718741834163666,0.2379379160575664,12.233500576591139
CAMDEN NATIONAL CORP,-0.19206681847572327,0.3776978552341461,8.973142316515089e-4,0,0.024583454200222028,0.01973819313570857,1.3596131429113094,25.474996357208305
CAPITAL CITY BANK GROUP,-0.1738424301147461,0.32001832127571106,6.096488483391132e-4,0,0.027057294670643293,0.025095629738643765,0.7668786863353263,12.759146373271282
CAPITOL FEDERAL FINANCIAL,-0.08576051890850067,0.0912698432803154,6.791404848023211e-4,0,0.015200357333322815,0.013872246257960796,0.1220833094365812,6.784602193966307
CAPITOL FEDERAL FINANCIAL INC,-0.05560537427663803,0.05128204822540283,5.454215677022251e-4,7.593188202008605e-4,0.008964462633207894,0.010311549995094538,0.22228238901170197,5.9535413773098345
CARDINAL FINANCIAL CORP,-0.1716666966676712,0.2721712291240692,0.00060564784286077495,0,0.026808460988860663,0.023033054545521736,0.5031908656965072,11.62955396091149
CAROLINA FINANCIAL CORP,-0.1006036177277565,0.15342839062213898,0.0023064234111818504,7.12818349711597e-4,0.022603633400219317,0.018960553221404552,0.8709155254833991,9.610470879299456
CATHAY BANCORP INC,-0.30434781312942505,0.4000000059604645,0.0012904295399092868,0,0.03270458055572557,0.02678571455180645,0.8025532492440155,18.69864562588194
CATHAY GENERAL BANCORP,-0.21247565746307373,0.26682502031326294,5.716725511795489e-4,0,0.028743727054977786,0.024369886610656977,0.8491596796354614,14.8005852891309
CENTER BANCORP INC,-0.12643678486347198,0.25,3.7018724310307165e-4,0,0.024273787596462343,0.02093027252703905,0.7365851307341159,11.687765611036639
CENTERSTATE BANKS INC,-0.16341830790042877,0.16768920421600342,8.30442781144313e-4,0,0.023113215078755363,0.022500269347801805,0.2114447349855734,8.84829388880108
CENTERSTATE BANKS OF FLORIDA INC,-0.22598181664943695,0.3264312148094177,6.386891606396559e-4,0,0.03110465606235755,0.020302632357925177,1.1908570009755666,20.10109379356822
CENTRAL VALLEY COMM BANCORP,-0.20000003278255463,0.57790374755859375,6.599670036209476e-4,0,0.03822220060824247,0.02710543666034937,2.596287947121454,34.71502042678947
CENTURY BANCORP INC,-0.20413845777511597,0.2859589159488678,6.286650322875585e-4,0,0.025117289784230334,0.02062377892434597,0.568782461102756,12.455573332418467
C & F FINANCIAL CORP,-0.2026738077402115,0.34873414039611816,6.242339882574054e-4,0,0.027469282608418966,0.02255275472998619,1.3274814702545887,21.151368575357594
CHARTER FINANCIAL CORP,-0.1167953759431839,0.15090908110141754,0.0012283570979784884,4.098454664926976e-4,0.02089588035256164,0.018980192486196756,0.8089231468017497,11.62834793594963
CHARTER FINANCIAL CORP NEW,-0.047655075788497925,0.04956519231200218,6.880012014251171e-4,7.633034256286919e-4,0.00979691243419203,0.010094174416735768,0.12103553996438488,5.729155724461101
CHASE MANHATTAN CORP NEW,-0.10250569134950638,0.12743628025054932,9.399295406668292e-4,0,0.024295741822650645,0.026968067977577448,0.21014728192999885,4.7884158792342815
CHEMICAL BANKING CORP,-0.05396825447678566,0.10574712604284286,0.001009787151607026,0,0.016383658199334142,0.019763622665777802,0.4676254491947451,5.406273324622645
CHEMICAL FINANCIAL CORP,-0.17549535632133484,0.2365269511938095,5.592815839237161e-4,0,0.02577561944181416,0.025590292178094387,0.3862420379427238,7.435528689515073
CITIZENS FINANCIAL GROUP INC,-0.09810126572847366,0.060036640614271164,9.775913964734752e-4,0.0021895047975704074,0.017183722052732896,0.019650353584438562,-0.39209212872094595,6.008450906398987
CITIZENS HOLDING CO,-0.23816093802452087,0.3159448206424713,2.352557852733336e-4,0,0.026314000798457728,0.020339582348242402,0.9401838463811839,19.34702404145654
CITIZENS & NORTHERN CORP,-0.19009587168693542,0.24300521612167358,5.065014995612718e-4,0,0.02663884003563383,0.02059493213891983,0.1722035680257389,11.071499683265454
CITY HOLDING CO,-0.20714285969734192,0.4112149477005005,4.4417610656860817e-4,0,0.029467901847686932,0.025485140271484852,0.7824178778962785,15.667596907792731
CIVISTA BANCSHARES INC,-0.07404518872499466,0.12160563468933105,0.0016262770248413776,6.596457096748054e-4,0.02065097728161724,0.016309697413817048,0.8982073113219077,9.132724935287795
C N B FINANCIAL CORP PA,-0.18349482119083405,0.19210976362228394,4.8591560569110736e-4,0,0.022616663916693026,0.01980854757130146,0.3687043517669549,11.47235235862821
COBIZ FINANCIAL INC,-0.24465732276439667,0.19199997186660767,5.416071571297876e-4,0,0.03225800796059643,0.025293198646977544,0.1206624417715897,11.70893763242691
COBIZ INC,-0.12418599426746368,0.12068969756364822,8.104569298809773e-4,0,0.020043245407447133,0.01919453777372837,0.03079996162100519,7.438415923077556
CODORUS VALLEY BANCORP INC,-0.1910969763994217,0.25925925374031067,-4.1713676234766354e-4,0,0.027038332218405337,0.023876681923866272,0.4036034240287842,11.972528064933808
COLONY BANKCORP INC,-0.23125001788139343,0.2864583730697632,4.251612714391949e-4,0,0.038367254573409705,0.03050722274929285,0.6084714613743726,8.905302074827217
COLORADO BUSINESS BANCSHARES INC,-0.1340206116437912,0.125,4.359063145929956e-4,0,0.02769998763094148,0.026638503186404705,0.17620696321164614,6.000456559044335
COLUMBIA BANKING SYSTEM INC,-0.4082191586494446,0.25619834661483765,8.521450086474309e-4,0,0.02830226932298282,0.02556723728775978,-0.2085221001766538,17.407176968523412
COMERICA INC,-0.20302847027778625,0.20689657330513,5.674568420760257e-4,0,0.02259926701830511,0.019374480471014977,0.25217478938954097,15.006842633911765
COMMERCE BANCSHARES INC,-0.15159237384796143,0.16314654052257538,5.768435487374489e-4,0,0.015544012054275197,0.014758330071344972,0.3375628631079123,13.012260696527099
COMMUNITY BANK SYSTEM INC,-0.13255029916763306,0.17720887064933777,6.37297271699739e-4,0,0.0189464604582798,0.018353564897552133,0.5691886735166551,9.849121738870728
COMMUNITY FINANCIAL CORP MD,-0.09868139773607254,0.20000000298023224,0.0015588342231335685,0,0.027413137305990383,0.024989782366901636,1.0650857516145373,8.826285675253098
COMMUNITY TRUST BANCORP INC,-0.18836145102977753,0.1841004192829132,6.254784520256432e-4,0,0.021416244584842165,0.021591890370473266,0.19743311575492523,8.387599258737707
CONNECTONE BANCORP INC NEW,-0.046780046075582504,0.07046066224575043,6.456962790114723e-4,0,0.01467468169479392,0.01488765049725771,0.7883154699047059,6.3169872435481524
C U BANCORP NEW,-0.059936925768852234,0.06560634821653366,0.0011907971354401514,5.293927388265729e-4,0.013819946763066682,0.012848883401602507,0.3296216833714448,6.398827405779706
CULLEN FROST BANKERS INC,-0.1931137889623642,0.1771058440208435,6.885000150950204e-4,0,0.01815331521033084,0.01730682048946619,0.3498603479138578,12.453914011271914
CUSTOMERS BANCORP INC,-0.16314516961574554,0.08349902182817459,0.0014447987007953616,0.0017796202446334064,0.020590031321019556,0.02273122244514525,-0.6568858460223699,11.562291076815999
C V B FINANCIAL CORP,-0.2233009785413742,0.22397476434707642,9.41166044912125e-4,0,0.02373152663014702,0.02162625826895237,0.5127532081726712,12.946981070964778
DIME COMMUNITY BANCORP INC,-0.10476744174957275,0.08143322169780731,0.001986669030303907,0,0.017321198365149053,0.018532948102802038,-0.1663818745578653,7.291834717581379
DIME COMMUNITY BANCSHARES,-0.21052631735801697,0.15605492889881134,5.91953153991192e-4,0,0.023124340808145055,0.021215452812612057,0.051165698971939226,11.926672344348225
D N B FINANCIAL CORP,-0.24930591881275177,0.37758612632751465,0.00088809590076321845,0,0.04081781916965568,0.025701846461743116,1.01484061878589,17.355808476454865
EAGLE BANCORP INC,-0.23750001192092896,0.344660222530365,0.0011354751409858648,0,0.026732838358811295,0.022482365369796753,1.0374898986136587,20.080778492836956
EASTERN VIRGINIA BANKSHARES INC,-0.27619048953056335,0.2638888955116272,-1.235556854184997e-4,0,0.029976266898049664,0.02329099620692432,0.06286430052476913,13.672180596080588
EAST WEST BANCORP INC,-0.2621951103210449,0.5502890944480896,9.974550296939463e-4,2.5717445532791317e-4,0.029618065542196138,0.021708729211241007,2.0273692904292853,41.34639142194979
ENTERPRISE BANCORP INC,-0.13291141390800476,0.20000000298023224,6.017233708171797e-4,0,0.02596744886614941,0.023314737481996417,0.6369476285561401,9.101355425984277
ENTERPRISE FINANCIAL SVCS CORP,-0.19368422031402588,0.22797654569149017,7.396335323264106e-4,0,0.029728340347451063,0.02475658943876624,0.6942738454548797,11.771971161412901
E S S A BANCORP INC,-0.13882701098918915,0.07854412496089935,3.2104151898563755e-4,0,0.016174363694299764,0.012937620282173157,-0.07395269808396247,9.148820224048166
EVERBANK FINANCIAL CORP,-0.10206084698438644,0.13290318846702576,6.800420265303383e-4,5.173424142412841e-4,0.01590043868674319,0.014998499304056168,0.4983286810565927,11.126575625934397
EXCHANGE NATIONAL BANCSHARES INC,-0.09710553288459778,0.1428571492433548,1.3108175835461106e-4,0,0.019499398716664014,0.018347016535699368,0.3249811334183683,7.881483368931396
EXECUFIRST BANCORP INC,-0.2857142984867096,0.2857142984867096,-0.02039584858963887,0,0.08341210757860631,0.11695402674376965,0.07480986870129522,3.4515546392219747
FARMERS CAPITAL BANK CORP,-0.30694741010665894,0.27849921584129333,6.583585548170079e-4,0,0.027347602656962847,0.02306957170367241,0.5019506592064871,16.9234391839708
FARMERS NATIONAL BANC CORP,-0.07132022082805634,0.1129707470536232,0.001096527859624786,0,0.01708705737551949,0.01569208165165037,0.645163067961311,7.634226131001183
F C B FINANCIAL HOLDINGS INC,-0.058156006038188934,0.054240379482507706,0.001362804925804926,9.922088647726923e-4,0.01504081777085106,0.01708357408642769,0.1993237560040224,4.139767484146386
FIDELITY NATIONAL CORP GA,-0.1388888955116272,0.16363635659217834,1.520986195790752e-4,0,0.03231441562784973,0.03061752743087709,0.3514516222678791,5.664982227168153
FIDELITY SOUTHERN CORP,-0.06818182021379471,0.125,-0.0010557408017327183,0,0.036368589314322325,0.0352092357352376,0.5121567201573123,4.280662662243874
FIDELITY SOUTHERN CORP NEW,-0.24428820610046387,0.5804030895233154,8.608567365692016e-4,0,0.03293472427479798,0.021511197555810213,2.0644357261002164,44.06076672123391
FIFTH THIRD BANCORP,-0.4362623989582062,0.6036586165428162,6.867151403159546e-4,0,0.03009908404261662,0.01921314373612404,2.7065191576028522,84.14898039084649
FIRST ALABAMA BANCSHARES INC,-0.06299212574958801,0.042635660618543625,4.202979811425529e-4,0,0.01309769582722095,0.015305824112147093,-0.17398603710162325,4.62352193800944
FIRST BANCORP INC ME,-0.1727941632270813,0.34361517429351807,9.096217719657181e-4,5.558771081268787e-4,0.02946633882184721,0.020557628013193607,1.692100702363401,22.875314088027572
FIRST BANCORP NC,-0.20325203239917755,0.2888889014720917,0.0010935228943285372,0,0.030876029327945663,0.027816413203254342,0.5486420850798792,10.110938910670061
FIRST BANCSHARES INC MS,-0.41902291774749756,0.509685218334198,-0.001026333850185941,0,0.04890477239617811,0.02846380602568388,0.9831696515428558,26.448150125069798
FIRST BUSINESS FINL SVCS INC,-0.20931901037693024,0.30879342555999756,5.68742553645088e-4,0,0.028652578644900256,0.01668553613126278,1.1906714501720441,23.922614747372098
FIRST CITIZENS BANC CORP,-0.17232704162597656,0.18773014843463898,2.000872014294492e-4,0,0.028760096361363653,0.023663930594921112,0.34112728224061956,9.28087166891737
FIRST CITIZENS BANCSHARES INC NC,-0.10424122959375381,0.21391233801841736,5.105183665361146e-4,0,0.019211972167615082,0.019157733535394073,0.676903922736689,10.130739246413533
FIRST COMMONWEALTH FINANCIAL COR,-0.18484598398208618,0.2282608300447464,5.566527654324578e-4,0,0.023882638475459555,0.022090726299211383,0.473939332950453,10.729339358455166
FIRST COMMUNITY BANCORP,-0.08223684132099152,0.1666666716337204,3.493463459631374e-4,0,0.01843611512521238,0.018324713688343763,0.6097885389898376,9.1926604669465
FIRST COMMUNITY BANCSHARES INC,-0.20425528287887573,0.21932676434516907,6.373320614048053e-4,0,0.0256287910754346,0.0239927195943892,0.4008092251895519,11.447906462764607
FIRST DEFIANCE FINANCIAL CORP,-0.19393184781074524,0.1940298229455948,6.31498104313012e-4,0,0.02312462776060727,0.019849644973874092,-0.06778408200559992,12.354469135940676
FIRST EMPIRE STATE CORP,-0.04150943458080292,0.0782608687877655,0.0010910390798184392,0,0.009407207403048118,0.009797063190490007,0.8476655039189379,7.923145249705896
FIRST FEDERAL BANCSHARES ARK INC,-0.29139068722724915,0.304619163274765,7.561004108628128e-5,0,0.03155503037876483,0.020394083112478256,0.4319556355220445,17.07499279308709
FIRST FEDERAL SVGS & LN DEF OH,-0.07657657563686371,0.09090909361839294,9.81079418900736e-4,0,0.022331692269822487,0.029418874066323042,0.06889756068812339,4.086570996499921
FIRST FINANCIAL BANCORP OHIO,-0.13937623798847198,0.23826707899570465,6.752000927563058e-4,0,0.023064132187918935,0.022721739718690515,0.5288103080518062,11.042243437081838
FIRST FINANCIAL BANKSHARES INC,-0.1257447898387909,0.12244164198637009,7.411426912388477e-4,0,0.02141331398615119,0.0232786163687706,0.18710426990500262,5.445176320840582
FIRST FINANCIAL CORP IN,-0.2556408941745758,0.2538350522518158,7.253204989770568e-4,0,0.023198381805974257,0.02282171742990613,0.3513617649731063,12.638368655332402
FIRST FINANCIAL HOLDINGS INC NEW,-0.04029243811964989,0.04867568612098694,5.591089714538242e-4,9.054868132807314e-4,0.013572095353548372,0.015145636163651943,0.06151991392615609,3.7642154024797625
FIRST FINANCIAL NORTHWEST INC,-0.12861734628677368,0.209102064371109,5.124188458663111e-4,0,0.0212226229358423,0.017324810847640038,0.5806885648472739,12.005891452851177
FIRST HORIZON NATIONAL CORP,-0.35669922828674316,0.29103443026542664,3.293259065819795e-4,2.443835328449495e-4,0.028947179000349526,0.02043930650688708,0.29255878186938833,25.481554121707745
FIRST INTERNET BANCORP,-0.18612904846668243,0.10822073370218277,8.975243934888642e-4,0,0.025185109304800384,0.024187401635572314,-0.2492034751635378,9.417443304654272
FIRST LONG ISLAND CORP,-0.12452830374240875,0.13317759335041046,3.298307845412301e-5,0,0.019399272946110276,0.01962763536721468,0.3186306294296407,7.204052624262941
FIRST MERCHANTS CORP,-0.17984826862812042,0.2574525773525238,6.151733686094828e-4,0,0.024363063081088085,0.02454941999167204,0.5448734743087287,10.288296361535426
FIRST MID ILLINOIS BANCSHRS INC,-0.09122353792190552,0.15480516850948334,6.320607990038312e-4,0,0.024050718966432016,0.018297692760825157,0.5544949845282637,9.046079101290696
FIRST MIDWEST BANCORP DE,-0.30785566568374634,0.2652733623981476,5.507860169745982e-4,0,0.02350352054906421,0.019658944569528103,0.4734203873672929,22.923727568330943
FIRST MIDWEST FINANCIAL INC,-0.20000000298023224,0.22368420660495758,-4.567523763764989e-4,0,0.02505532921509314,0.024413704872131348,0.4375711359359563,11.322932606201226
FIRST NATIONAL CORP ORANGEBURG,-0.13105922937393188,0.14415501058101654,0.0014080894252500233,0.0010960459476336837,0.021681753146492778,0.021230343729257584,0.44372551652667275,9.771179024412453
FIRST NATIONAL LINCOLN CORP ME,-0.11666666716337204,0.1320754736661911,9.54905338250775e-4,0,0.01909519032520768,0.01961073582060635,0.34426089380423175,7.780490058315651
FIRST PACTRUST BANCORP INC,-0.22840911149978638,0.21632881462574005,0.0011305581172229046,0,0.02954388860213569,0.0184171199798584,0.16753895978048253,12.903509071760768
FIRST REPUBLIC BANCORP INC NEW,-0.11764705926179886,0.13333334028720856,0.001909460905776867,0,0.029894155000345857,0.03562421165406704,0.616688801839125,6.3631358026195635
FIRST REPUBLIC BANK S F NEW,-0.06791903078556061,0.08736640214920044,0.0020277387184831513,3.2800936605781317e-4,0.016927157351376253,0.01816396287176758,0.7152402252689626,7.657901122490632
FIRST TENNESSEE NATIONAL CORP,-0.26595744490623474,0.12087912112474442,8.410789209558171e-4,0,0.01851241081817562,0.01796378055587411,-0.5669470745668845,21.546301313295807
FIRST UNITED CORP,-0.19414320588111877,0.32307693362236023,1.7443957996920884e-4,0,0.031828784739554486,0.024533000774681568,0.7146277660152711,12.592744064793454
FLUSHING FINANCIAL CORP,-0.14399996399879456,0.21895428001880646,7.1768399222329e-4,0,0.022407864171989356,0.019833131693303585,0.4982629608078914,12.2714199283194
F N B CORP PA,-0.22534018754959106,0.21612228453159332,6.706080759575349e-4,0,0.024446178064165658,0.021420656703412533,0.19372889482848454,11.99364551906036
FRANKLIN FINANCIAL NETWORK INC,-0.06890518963336945,0.11127058416604996,0.0017842311574451024,7.840046018827707e-4,0.021894552202940627,0.01902282948140055,0.6216053136896911,6.942510845471169
FULTON FINANCIAL CORP PA,-0.18255393207073212,0.1876484453678131,5.919658095537828e-4,0,0.021553361783289062,0.01873959321528673,0.12865772573073928,13.60184940740441
G A B BANCORP,-0.0793650820851326,0.10526315867900848,0.005761948876860964,0,0.03685157022105816,0.0631952416151762,-0.04816837109736924,2.549398507839553
GERMAN AMERICAN BANCORP,-0.11375659704208374,0.21543404459953308,4.040380262209494e-4,0,0.02337420207879125,0.024223371408879757,0.32430184479419627,8.443963279325867
GERMAN AMERICAN BANCORP INC,-0.10984846949577332,0.1190476343035698,8.665966206672679e-4,4.5231409603729844e-4,0.020792026866358,0.021024725399911404,0.38252587145082356,6.5787135871913796
GLACIER BANCORP INC,-0.125,0.12643678486347198,0.0010380048936250224,0,0.029980818132054127,0.03765977453440428,0.06548013292870734,3.5247183780377984
GLACIER BANCORP INC NEW,-0.18391452729701996,0.17037668824195862,7.699624905566701e-4,0,0.023909354541887154,0.02256534155458212,0.3429649797334347,9.77000397934472
GREAT SOUTHERN BANCORP INC,-0.1385701447725296,0.5086206793785095,5.926670031563318e-4,0,0.02417529810089092,0.021367668407037854,2.8626865763918636,55.74764359023498
GREAT WESTERN BANCORP INC,-0.06306852400302887,0.07454825192689896,0.0017744639257743933,0.001461417879909277,0.018075006514385736,0.020775195211172104,0.15419497484635647,4.184739616050288
GREEN BANCORP INC,-0.09552685916423798,0.10769230127334595,1.2099176521153985e-4,-9.298361546825618e-4,0.025034637141940597,0.02601487864740193,0.4007560440504954,4.782715765211836
GREENVILLE FIRST BANCSHARES INC,-0.03966600075364113,0.06346669793128967,9.914707699716463e-4,0,0.014439219298788936,0.012637319043278694,0.805271201521211,5.16313739783193
GUARANTY BANCSHARES INC,-0.23456789553165436,0.30645161867141724,-0.0015513867389200526,0,0.03415706314318828,0.02850030898116529,0.8466551288520573,14.969072503050592
HANCOCK HOLDING CO,-0.18023660778999329,0.20000000298023224,6.346563951413563e-4,0,0.021942550109732308,0.022388136945664883,0.10474881355377169,10.025707988262198
HAWTHORN BANCSHARES INC,-0.2112676054239273,0.28142860531806946,3.028631647749371e-4,0,0.030306483292346576,0.02585187228396535,0.5961524372971329,12.660625184365745
HEARTLAND FINANCIAL USA INC,-0.21962611377239227,0.2079956978559494,7.21945895571959e-4,0,0.026839067834149882,0.02383715775795281,0.44045259642038165,11.722312468261912
HERITAGE COMMERCE CORP,-0.256296306848526,0.2849026322364807,6.127868461138947e-4,0,0.03148931652085047,0.023769033141434193,0.7081619085174636,15.106251257374494
HERITAGE FINANCIAL CORP WA,-0.12135568261146545,0.15200001001358032,4.21934364373535e-4,0,0.01866877700469333,0.01655965903773904,0.36711052147871237,9.417115707629934
HERITAGE OAKS BANCORP,-0.22975210845470428,0.22222211956977844,1.2892641187562134e-5,0,0.028283347516204312,0.021779784001410007,0.011154276756958206,12.092299702332058
HINGHAM INSTITUTION FOR SVGS MA,-0.18007896840572357,0.12692759931087494,4.2931737556064657e-4,0,0.024444113547836915,0.0223349635489285,-0.02833430708746245,6.71947968395066
HOPE BANCORP INC,-0.05204685777425766,0.07296951860189438,0.003512205101797688,0.0029002984520047903,0.016462615607324503,0.019194995751604438,0.5677267385106178,6.0804682750624455
HORIZON BANCORP IND,-0.13636364042758942,0.15229107439517975,5.066161137877791e-4,0,0.019710728827746136,0.016371214063838124,0.39825753551705423,10.246012632099102
HOWARD BANCORP INC,-0.13928566873073578,0.1445881575345993,-1.7563017160371312e-4,0,0.03206486861257142,0.02490641246549785,-0.1662369222989301,6.218347954074592
HUNTINGTON BANCSHARES INC,-0.305856853723526,0.5007407665252686,6.532543980528946e-4,0,0.031217396024050128,0.019957835786044598,2.100848737751925,45.11597389181214
IBERIABANK CORP,-0.15099716186523438,0.18085582554340363,7.5906848560969e-4,3.475318371783942e-4,0.01931229714002935,0.018259323202073574,0.36804789590388964,9.499054234311869
INDEPENDENT BANK CORP MA,-0.1735537201166153,0.16778524219989777,8.96166379880486e-4,0,0.024483945731442434,0.024107669247314334,0.3836392052478096,7.6395166721690515
INDEPENDENT COMMUNITY BNKSHRS IN,-0.0746268630027771,0.15662650763988495,0.002977198082119246,0,0.025537311246175677,0.028611482121050358,0.5344286659947116,7.3577334107873416
INDIANA UNITED BANCORP,-0.09803921729326248,0.13636364042758942,1.5354351250908147e-4,0,0.02487528961546546,0.028131709434092045,0.5166943441893809,5.6356292935402115
INTERNATIONAL BANCSHARES CORP,-0.16170209646224976,0.18414734303951263,6.387483444010443e-4,0,0.02364650929342192,0.020625615725293756,0.3050619637052823,9.401226136109525
INVESTAR HOLDING CORP,-0.09874211996793747,0.09655170142650604,5.906562065715264e-4,0,0.016766552389036578,0.0169426352949813,-0.11983837747475845,8.853016774989056
INVESTORS BANCORP INC,-0.09499999135732651,0.09692667424678802,6.373922275409011e-4,4.646946326829493e-4,0.018611361459150936,0.01619882509112358,0.2167351786648311,7.3732683097792275
INVESTORS BANCORP INC NEW,-0.05223251134157181,0.04622868448495865,5.58577959559042e-4,9.960387833416462e-4,0.011065781051013798,0.012498882133513689,-0.17037969341558357,5.100285913008405
I S B FINANCIAL CORP LA,-0.0949999988079071,0.1871657818555832,4.818827715907686e-4,0,0.022359096043357292,0.0214992871042341,0.8033780365188444,9.314637010409282
J P MORGAN CHASE & CO,-0.18107669055461884,0.16035853326320648,2.835697065995875e-4,0,0.026355277426154775,0.02478656335733831,0.423015820468335,9.550805009432494
JPMORGAN CHASE & CO,-0.20727430284023285,0.2509673237800598,6.760879078043486e-4,2.4844796280376613e-4,0.02665153171441798,0.017958278534933925,1.0667077922857786,20.422197004908394
KEARNY FINANCIAL CORP,-0.12779560685157776,0.1422845870256424,3.4753065676332886e-4,0,0.020197446063560238,0.017964307451620698,0.3381289622301879,9.018093079697307
KEARNY FINANCIAL CORP NEW,-0.04453130066394806,0.04774535447359085,0.0010170255786250914,8.41454224428162e-4,0.01023011249449882,0.011793878977186978,0.05940487376407141,4.986633845555108
KEYCORP,-0.04651162773370743,0.04575163498520851,1.0634920334912279e-4,0,0.014741273161432712,0.01674467429984361,0.0038924045115892956,3.7883297476550446
KEYCORP NEW,-0.3333333134651184,0.5425257682800293,5.28123972020016e-4,0,0.02704211219290001,0.019944598898291588,1.2921008994702976,51.54208720721822
LAKELAND BANCORP INC,-0.24207493662834167,0.3115942180156708,7.661118737341411e-4,0,0.028206640293466544,0.024728567339479923,0.6596375054874691,15.484786255754669
LAKELAND FINANCIAL CORP,-0.16788680851459503,0.2521995007991791,8.949645319603038e-4,0,0.024049676488505912,0.020572901237756014,0.6138022479594167,12.923929090529931
L C N B CORP,-0.13101734220981598,0.21568626165390015,8.309743674206251e-4,0,0.01859936929809255,0.014618640532717109,1.4480241929776334,24.249466056293038
LEGACYTEXAS FINANCIAL GROUP INC,-0.07506227493286133,0.127546027302742,0.0015026324882556866,7.178313680924475e-4,0.022181476407080382,0.02637975267134607,0.27171700240705954,5.695782379772107
LIFE FINANCIAL CORP,-0.3207547068595886,0.699999988079071,1.6141625741032106e-4,0,0.06516715652307939,0.05123131675645709,2.1030963477269684,22.735663990959896
MACATAWA BANK CORP,-0.2471041977405548,0.25668445229530334,5.730300120256839e-4,0,0.030124667488309574,0.023683049716055393,0.4583623807899248,12.583730144119622
MAINSOURCE FINANCIAL GROUP INC,-0.21008403599262238,0.25999999046325684,7.661837956030099e-4,0,0.028575573705253564,0.025565922260284424,0.583643259876248,12.065517870624905
M B FINANCIAL INC,-0.11229946464300156,0.1515151560306549,0.0011975151015991916,0,0.023197441639101295,0.019237849861383438,0.6548874156680955,9.72347602582755
M B FINANCIAL INC NEW,-0.13195264339447021,0.18488624691963196,5.832519898198977e-4,0,0.022891246391064792,0.01946594030596316,0.25647840326197907,10.531620172575968
M B T FINANCIAL CORP,-0.19220051169395447,0.6153846383094788,6.577484816208252e-4,0,0.03273921069655706,0.02363122347742319,3.0132450242463733,49.19778467727372
MERCANTILE BANK CORP,-0.16247902810573578,0.3106372356414795,7.185669943323213e-4,0,0.02727855896775669,0.020457861479371786,1.1516751780599273,17.878385164368115
MERCHANTS BANCSHARES INC,-0.2542372941970825,0.3120243549346924,1.6684772045491927e-4,0,0.026850664561085986,0.018363792914897203,0.3255356303577651,18.542285185803316
MERIDIAN BANCORP INC,-0.03825139254331589,0.04143860191106796,0.0010550052781595407,6.273669423535466e-4,0.010741469322429701,0.012536111753433943,0.16214519002025893,4.229621815824691
MERIDIAN INTERSTATE BANCORP INC,-0.15995760262012482,0.13379698991775513,8.035320179715755e-4,7.294128590729088e-4,0.020091572146861598,0.019199163652956486,0.2891435879550112,10.596049240341655
META FINANCIAL GROUP INC,-0.33042430877685547,0.36000001430511475,8.360500103703871e-4,0,0.03025413404447518,0.02103598788380623,0.7575787966276012,27.69014417415074
MIDDLEBURG FINANCIAL CORP,-0.22606772184371948,0.17940197885036469,3.503314306180128e-4,0,0.020152022058352495,0.016171115217730403,0.09190809041697087,17.75045164094162
MID PENN BANCORP INC,-0.22857142984867096,0.26749855279922485,-2.4413391168067207e-4,0,0.028325506539595847,0.018131651682779193,0.8301017484888775,19.261017323173782
MIDSOUTH BANCORP INC,-0.1778845638036728,0.22807016968727112,7.937758057549659e-4,0,0.022111732649359585,0.018274303525686264,0.5042345382861915,13.296636595624593
MIDWESTONE FINANCIAL GRP INC NEW,-0.1103895828127861,0.18309855461120605,6.623345596754844e-4,3.757172089535743e-4,0.02140067350086197,0.017523444956168532,0.5695250251607769,10.835007353245842
M & T BANK CORP,-0.15609753131866455,0.2105785757303238,5.266387658739085e-4,4.942934610880911e-4,0.019731085642906827,0.01594804832711816,0.5644824417541806,14.881343873524141
MUTUALFIRST FINL INC,-0.13636364042758942,0.16290326416492462,4.962358851701355e-4,0,0.020855360728144447,0.01651311432942748,0.26997051842014763,9.935163212438637
NARA BANCORP INC,-0.22758622467517853,0.22207441926002502,8.023921267648292e-4,0,0.03262283311181968,0.02619377034716308,-0.003954570895903391,12.179860007454016
NARA BANK NATIONAL ASSOC,-0.1527777761220932,0.18796992301940918,0.0016086274926699158,0,0.03165122695484693,0.030999667942523956,0.9467429168234918,9.96576728375546
N A S B FINANCIAL INC,-0.24196168780326843,0.3920309245586395,4.94212653087838e-4,0,0.03402966005183524,0.030000110622495413,0.7836611500590462,17.234326197597614
NATIONAL BANK HOLDINGS CORP,-0.05057017505168915,0.06660865247249603,5.698486766388439e-4,5.233034607954323e-4,0.012490341352626085,0.013740163762122393,0.3346388155891182,5.647848931781371
NATIONAL BANKSHARES INC,-0.18688525259494781,0.196363627910614,3.342831341566587e-4,0,0.021225153633071613,0.019340756349265575,0.2640547660003418,10.49744978949054
NATIONSBANK CORP,-0.0784844383597374,0.08796296268701553,7.852283127782545e-4,0,0.016418079267863216,0.019607239868491888,-0.1585922614817618,5.390115558856236
N B T BANCORP INC,-0.140625,0.2450980395078659,6.493278119403253e-4,0,0.023097296392369345,0.023124508326873183,0.5663622235844212,10.22741493279614
NEW YORK COMMUNITY BANCORP INC,-0.13804878294467926,0.13951222598552704,6.133749445504188e-4,6.186351820360869e-4,0.019643818927169435,0.017172489780932665,0.012667064860320522,11.46947649245206
NICOLET BANKSHARES INC,-0.07939353585243225,0.1818181872367859,0.002133390779736103,0.0013751165242865682,0.023195986681988023,0.01509056193754077,2.0109315215188612,21.641616027528205
NORTH AMERICAN SAVINGS BANK FSB,-0.09090909361839294,0.11809045076370239,-1.686899577153288e-4,0,0.03674927002450282,0.05326278693974018,0.31179891628113887,2.8188149470567754
NORTHERN TRUST CORP,-0.1881101131439209,0.3091281056404114,6.47157890171265e-4,1.9120905199088156e-4,0.021114188666730923,0.01853267475962639,0.8305097248026915,18.89130420628355
NORTHFIELD BANCORP INC,-0.1309523731470108,0.12599314749240875,6.301854612245331e-4,7.344683399423957e-4,0.0236236640130534,0.021717983298003674,0.15266023319381608,7.015654753639689
NORTHFIELD BANCORP INC DE,-0.06657124310731888,0.04039166867733002,7.473389207890064e-4,7.704336894676089e-4,0.00953426575974421,0.010541890747845173,-0.24139312119677983,7.076407913916881
NORTHRIM BANCORP INC,-0.0908971056342125,0.1385541707277298,4.6806446459908037e-4,0,0.01672114472986561,0.015403721015900373,0.2418268879404208,8.146603241964348
NORTHRIM BANK,-0.1875,0.19512194395065308,0.0012884104708333994,0,0.03458728878410766,0.03547348454594612,0.3735110841362968,6.0098232080982825
NORTHWEST BANCORP INC PA,-0.1764705926179886,0.32236841320991516,6.778079222424895e-4,0,0.028055471727209378,0.026358015136793256,0.6665373757911818,12.512544075816379
NORTHWEST BANCSHARES INC,-0.07088608294725418,0.0587204284965992,5.51193469828966e-4,8.006730931811035e-4,0.012135771991237037,0.013635373674333096,-0.043613009476178376,5.405950223129601
NORTHWEST SAVINGS BANK WARREN PA,-0.05882352963089943,0.12844036519527435,0.0017269302023110193,0,0.02213406687283645,0.02585597918368876,0.7322709189875138,5.417401567928083
NORWEST CORP,-0.07244094461202621,0.07905138283967972,0.0010827726675631574,0,0.01651002547211476,0.020659978035837412,0.10024039412987681,3.985426165407794
NORWOOD FINANCIAL CORP,-0.14430378377437592,0.12206917256116867,6.739504356561691e-4,0,0.018426335557090775,0.01741825183853507,0.14021965734730304,8.431978232298112
OCEAN FINANCIAL CORP,-0.11711711436510086,0.15315315127372742,9.169453933259461e-4,0,0.018871461460800106,0.015793385915458202,0.7938612497873253,13.526247774528185
OCEANFIRST FINANCIAL CORP,-0.16255317628383636,0.2138836532831192,5.843380742719112e-4,0,0.021292439839085766,0.018613774329423904,0.453963022268595,14.492672594761633
O F G BANCORP,-0.14351853728294373,0.19594597816467285,2.8098011482891185e-4,3.209135712722855e-8,0.02742350454367093,0.024875815957784653,0.5508711990481783,12.022330369822507
OLD LINE BANCSHARES,-0.2995932996273041,0.21555550396442413,5.992471321316183e-4,0,0.02382576289033996,0.018452207557857037,-0.38335097571522914,18.836234733608496
OLD NATIONAL BANCORP,-0.17694993317127228,0.1716037094593048,3.5892594142145014e-4,0,0.018530701825574716,0.014656931161880493,0.584854924389768,14.345948304903382
OLD SECOND BANCORP INC,-0.20560747385025024,0.5714285969734192,3.372660540411087e-4,0,0.03312594021649803,0.022730242926627398,2.051063769895122,32.91358266168476
ORIENTAL BANK AND TRUST PR,-0.05737704783678055,0.0763888880610466,0.001142266541160945,0,0.01476535436767665,0.014986529015004635,0.429167332454528,6.162355601354674
ORIENTAL FEDERAL SAVINGS BANK,-0.06956521421670914,0.10958904027938843,0.0025286405791477527,0,0.02031061283342915,0.015679186210036278,1.1817564691753635,8.239149068044172
ORIENTAL FINANCIAL GROUP INC,-0.32286372780799866,0.3873240053653717,8.047150916547025e-4,0,0.02963463091502642,0.021717838943004608,0.8687106381676604,28.93897967767097
ORITANI FINANCIAL CORP,-0.13063852488994598,0.17576240003108978,2.8502601582519117e-4,0,0.024762176034652097,0.02389932842925191,0.25082097889774235,8.493689013605007
ORITANI FINANCIAL CORP NEW,-0.06984127312898636,0.07799070328474045,6.820402910535729e-4,6.666819099336863e-4,0.01241484380568288,0.013748594094067812,0.09043138229732499,6.718343367726633
ORRSTOWN FINANCIAL SERVICES INC,-0.2962121069431305,0.11904759705066681,2.9576116126978763e-4,0,0.023456450142430148,0.0194978229701519,-1.0426768987734325,19.458540720294327
PACIFIC CENTURY FINANCIAL CORP,-0.1875,0.13235294818878174,6.095360929987863e-4,0,0.021744510092033698,0.021372384391725063,-0.25067226230508116,10.337576809245698
PACIFIC MERCANTILE BANCORP,-0.22516559064388275,0.21348313987255096,3.4570048130854944e-4,0,0.026777484177266355,0.021891551557928324,0.4990007258752852,11.868871731218999
PACWEST BANCORP DE,-0.23915345966815948,0.3157162666320801,0.001039152621979365,8.777905604802072e-4,0.0314609818475355,0.024836687836796045,0.3720265778292959,15.8635933148141
PARKE BANCORP INC,-0.155546173453331,0.17707005143165588,0.0011021889802095852,0,0.026726988614358658,0.02245656354352832,0.46283980667792496,8.8136623791217
PARKE BANK,-0.04955223575234413,0.057692356407642365,9.454741104941788e-4,0,0.014625769243678394,0.015246123541146517,0.35190710612409104,4.651090262195135
PARK NATIONAL CORP,-0.1772521436214447,0.2524791657924652,5.572678615988178e-4,0,0.021588748658244762,0.017352307215332985,1.4019093544973318,23.443454580842594
PARK STERLING BANK,-0.04444447532296181,0.05509188771247864,1.8847994650378053e-5,-0.0016667047748342156,0.01657147067037653,0.016877022571861744,0.6757627516477743,4.784484179373883
PARK STERLING BANK NEW,-0.07777775824069977,0.09509200602769852,5.729266391474976e-4,0,0.01838143317720103,0.018832659581676126,0.09659296470887899,5.087826130367594
PEAPACK GLADSTONE FINANCIAL CORP,-0.11323332786560059,0.19594061374664307,6.08671816572974e-4,0,0.020249727781733225,0.01749315089546144,0.7111877380007325,11.537238033543389
PENNS WOODS BANCORP INC,-0.17142857611179352,0.19352085888385773,4.265185595050957e-4,0,0.01782185943655815,0.01687029842287302,0.42938882928487676,13.508888123954284
PEOPLES BANCORP INC,-0.19954130053520203,0.22627118229866028,4.052296706322145e-4,0,0.028967800972551163,0.024758062325417995,0.49432645892964966,10.620374661335394
PEOPLES BANCORP NC INC NEW,-0.1803278625011444,0.3131428360939026,3.7663751152398516e-5,0,0.026605919676943358,0.021047779358923435,0.526873023856661,14.867004789278257
PEOPLES BANK BRIDGEPORT,-0.14705882966518402,0.125,0.0012417907307673151,0,0.019291725201132967,0.018339859321713448,0.3894299725145998,8.922421031932885
PEOPLES BANK CATAWBA NC,-0.13793103396892548,0.22448979318141937,-0.0016401330823404795,0,0.03938421117322452,0.047755710780620575,0.769515548490366,6.161421923431505
PEOPLES HOLDING CO,-0.10126582533121109,0.12270712107419968,-4.646198734746755e-4,0,0.025018505176807117,0.02490585157647729,0.4546136469810882,5.321401407042234
PEOPLES UNITED FINANCIAL INC,-0.15632182359695435,0.17881201207637787,2.995413861996991e-4,6.691355083603412e-4,0.01760115932261417,0.016120518324896693,0.23638934291977437,15.475742590326014
PIKEVILLE NATIONAL CORP,-0.10204081982374191,0.10526315867900848,5.984498620340985e-4,0,0.03435084181932083,0.04511374235153198,0.08480517857362613,3.143620670032186
PINNACLE FINANCIAL PARTNERS INC,-0.2325962483882904,0.17023395001888275,0.0010035517486408573,0,0.024588819633847934,0.021768068429082632,0.060177962501681274,10.121772666213946
P N C BANK CORP,-0.0933503806591034,0.090773805975914,3.8919253253360305e-4,0,0.01698550374342462,0.019950248301029205,0.1315114842463514,5.075799010546429
P N C FINANCIAL CORP,-0.03585657477378845,0.0416666679084301,0.004566519628637112,0.004395625554025173,0.01774020055609503,0.022541802376508713,-0.33595005337536304,3.0145774805718006
P N C FINANCIAL SERVICES GRP INC,-0.41395846009254456,0.37090909481048584,6.856261877529813e-4,1.764928747434169e-4,0.024317175016203892,0.017720770556479692,0.574651627368935,47.10813851744568
PREMIER FINANCIAL BANCORP INC,-0.3517017960548401,0.45249998569488525,7.361288555131706e-4,0,0.026535691012476926,0.022543696453794837,0.9188725563725809,33.64538187343651
PRIVATEBANCORP INC,-0.3694736957550049,0.23267465829849243,8.302107350113109e-4,0,0.02795782580710428,0.02428862312808633,-0.09563890714580321,17.349248445639205
PROSPERITY BANCSHARES INC,-0.16903963685035706,0.16868723928928375,8.033865778154417e-4,2.026775327976793e-4,0.0208290225101621,0.019686142913997173,0.413143124185729,9.801590865244235
PROVIDENT BANCORP INC DE,-0.058875225484371185,0.051391325891017914,4.463690702298438e-4,0,0.014376079050405697,0.015495696105062962,0.09085096358124692,4.2025024898417955
PROVIDENT BANCORP INC NY,-0.05042016878724098,0.09909909963607788,0.0012059810797346042,0,0.013625388842794245,0.012222313205711544,0.7467552869030573,7.759786495449274
PROVIDENT FINANCIAL HOLDINGS INC,-0.214285746216774,0.25401070713996887,6.089576358449205e-4,0,0.023695093400521543,0.016594507033005357,0.5791303625874354,19.34307950431299
PROVIDENT FINANCIAL SVCS INC,-0.20670391619205475,0.17514489591121674,5.176556715148744e-4,2.3386879183817655e-4,0.021317659189712974,0.017739262897521257,-0.07357677862736058,14.224735374429134
PROVIDENT NEW YORK BANCORP,-0.14403292536735535,0.15071091055870056,3.811948360494759e-4,0,0.024779863984374668,0.026086334604769945,0.17655659218377787,6.552732294780306
Q C R HOLDINGS INC,-0.18820220232009888,0.2840000092983246,4.2490797676234416e-4,0,0.02477318858094154,0.019147667102515697,1.0001912784667228,18.4705862454091
QUAD CITY HOLDINGS INC,-0.14830508828163147,0.1840796023607254,7.06986599191134e-4,0,0.03386883966029883,0.03929933160543442,0.14419819304119358,4.352762352844834
QUEENS COUNTY BANCORP INC,-0.08407079428434372,0.10563380271196365,0.0012674498770691124,0,0.01752928631762315,0.016533556976355612,0.28290405153094983,6.432566642770373
REGIONS FINANCIAL CORP,-0.13343799114227295,0.13981762528419495,5.504327631099574e-4,0,0.016185446064065023,0.01558841171208769,0.15770457679215252,9.449318163422552
REGIONS FINANCIAL CORP NEW,-0.4107142984867096,0.4840989112854004,5.458784675521811e-4,5.609156214632094e-4,0.036591882235891424,0.022930984385311604,1.2409291475382997,34.166867193766464
RENASANT CORP,-0.14835168421268463,0.1958887279033661,6.905304764891634e-4,3.116047300864011e-4,0.02535126769542411,0.023114366689696908,0.5558416104889665,10.274367098046662
REPUBLIC FIRST BANCORP INC,-0.26818183064460754,0.3386498689651489,5.195490478098352e-4,0,0.029618743909962133,0.024963160511106253,1.1038903788874683,19.453661547258815
ROCKVILLE FINANCIAL INC,-0.22490562498569489,0.335947722196579,8.789510411951255e-4,6.671266746707261e-4,0.03250898998743267,0.025618894957005978,1.0617787850308833,20.414826950926937
ROCKVILLE FINANCIAL INC NEW,-0.06391751766204834,0.06879071891307831,4.535145787533926e-4,3.620302304625511e-4,0.012150998875390147,0.011585191590711474,0.061813600935785216,6.211618835327771
SANDY SPRING BANCORP INC,-0.16615383327007294,0.2709113657474518,5.904070073131172e-4,0,0.02474557507410759,0.024808481568470597,0.6154199562329707,11.114303550657384
S C B T FINANCIAL CORP,-0.13623349368572235,0.16500002145767212,6.923348222233571e-4,2.351783768972382e-4,0.025805549954920723,0.025066243018954992,0.3363952958423744,8.115280897835625
SIERRA BANCORP,-0.31123384833335876,0.2830551862716675,9.348555449166761e-4,9.028920612763613e-5,0.028120603598676793,0.021662546787410975,0.6035557255880689,17.82480132449467
S I FINANCIAL GROUP INC,-0.2592591941356659,0.23428575694561005,2.2823772889349883e-5,0,0.03541301246222037,0.017866025678813457,0.23899222615583557,12.32382110999929
S I FINANCIAL GROUP INC MD,-0.04658157750964165,0.06415097415447235,4.4996925057606265e-4,0,0.01120202767625007,0.011866246815770864,0.10800931210620132,5.1635514685586825
SIGNATURE BANK NEW YORK N Y,-0.11712229251861572,0.16221857070922852,8.728721331060287e-4,2.5538494810462e-4,0.02188270554706209,0.019410728476941586,0.5800673394296924,8.787331791613301
SILICON VALLEY BANCSHARES,-0.42265528440475464,0.26770833134651184,0.0015879751608250193,0,0.0338824935577372,0.029000640381127596,-0.6919442736014177,20.87244725094279
SOUTHERN FIRST BANCSHARES INC,-0.312582790851593,0.27325573563575745,-1.108751804956252e-4,0,0.033024742173448675,0.02378831710666418,0.1986415965651113,14.48157198042858
SOUTHERN MISSOURI BANCORP INC,-0.15396225452423096,0.18559318780899048,5.06247436118529e-4,0,0.02365207650818413,0.02186121977865696,0.4188775930152114,9.399772840437347
SOUTHERN NATIONAL BANCORP VA INC,-0.20749278366565704,0.35692304372787476,8.439967612002161e-5,0,0.027551984605803072,0.017200702568516135,1.3360228250443695,28.43018944205238
SOUTHERN NATIONAL CORP NC,-0.0535714291036129,0.058139536529779434,8.670604313263976e-4,0,0.013587302260686522,0.013340523815713823,0.04645463499206233,4.562896806270394
SOUTHSIDE BANCSHARES INC,-0.1550562083721161,0.1479870080947876,8.747736051309688e-4,0,0.02296676747320756,0.02199066407047212,0.2692732071042775,7.8722599746581
SOUTH STATE CORP,-0.0550287701189518,0.07717496901750565,7.44664088426942e-4,0.0012000632705166936,0.014697209503261116,0.017552376724779606,0.30096706349435154,4.819109385429189
SOUTH UMPQUA BANK,-0.261904776096344,0.25806450843811035,-2.1515830756268568e-4,0,0.05846108021202779,0.051024239510297775,0.2227830217655743,6.63305804237747
SOUTH UMPQUA STATE BANK,-0.0546875,0.10743801295757294,0.0019310849851795606,0,0.029751099311320927,0.04001548886299133,0.7854767038095924,4.842368445559222
SOUTHWEST BANCORP INC OKLA,-0.3710937201976776,0.29741382598876953,7.145541607944715e-4,0,0.02833109595391347,0.023777962662279606,0.2632690492220719,20.402120404766414
STAR STATES CORP,-0.125,0.1428571492433548,0.004232875767697409,0,0.054066348144414834,0.08037795685231686,0.2070408920170099,3.1078896594088197
STATE BANK FINANCIAL CORP,-0.08106313645839691,0.10000000149011612,4.98107561189929e-4,6.008143536746502e-4,0.01607967696893739,0.016870289342477918,-0.14274333087741747,6.403589551569861
STATE STREET BOSTON CORP,-0.17836257815361023,0.1269841343164444,6.638540028477589e-4,0,0.016111411767310235,0.016110638389363885,-0.6779919525938275,22.057048506773864
STATE STREET CORP,-0.5903713703155518,0.31345561146736145,7.369838711222673e-4,2.404359693173319e-4,0.02732198787461112,0.021462582051753998,-1.1444786666464641,61.58704080492277
S & T BANCORP INC,-0.24411047995090485,0.24836601316928864,6.70328279676863e-4,0,0.021681487914513672,0.021692871814593673,0.25387184200325413,13.135364578050394
STERLING BANCORP DEL,-0.07673864811658859,0.07749996334314346,0.0010518676763776704,8.361395448446274e-4,0.014781534321600875,0.017537555191665888,-0.10676427383448549,5.162168244886304
STOCK YARDS BANCORP INC,-0.05112059414386749,0.059163033962249756,0.0014948101516278696,0.001275502669159323,0.014956942591353896,0.018011542269960046,0.16851607278265832,4.001397175844028
STONEGATE BANK,-0.053860582411289215,0.0663299411535263,8.462939926162352e-4,4.083392850589007e-4,0.012249391115923677,0.01246009417809546,0.05297278342923414,5.437542458022326
SUFFOLK BANCORP,-0.1666666716337204,0.24861644208431244,4.05308091460412e-4,0,0.025031659569706818,0.02497979812324047,0.4003533722755999,8.944923809725637
SUMMIT FINANCIAL GROUP INC,-0.1919560730457306,0.3294951021671295,1.990102179006202e-4,0,0.0353230932016158,0.02658415655605495,1.0439316321184586,14.659742108532958
SUNTRUST BANKS INC,-0.2717041075229645,0.3056325316429138,5.489700726842955e-4,2.577883715275675e-4,0.024720386867243708,0.01870981603860855,0.5216743385688689,26.125221756610017
S V B FINANCIAL GROUP,-0.23408326506614685,0.15061728656291962,7.536209869569921e-4,3.8768089143559337e-4,0.02504152374401823,0.021351787727326155,-0.060541227241044916,12.423456810997436
S Y BANCORP INC,-0.1620689481496811,0.1908256858587265,8.015455235684489e-4,0,0.022617971760800937,0.020555034279823303,0.5384104336850979,10.313995945612994
T C F FINANCIAL CORP,-0.15389224886894226,0.26532667875289917,6.125516386306988e-4,2.007291914196685e-4,0.021711405396906747,0.019876262173056602,0.6903718654597466,15.369177511767896
TEXAS CAPITAL BANCSHARES INC,-0.14591525495052338,0.17779871821403503,8.442941531477646e-4,5.538486584555358e-4,0.023997964966474418,0.023274211212992668,0.3010006468480846,9.16813321681191
TFS FINANCIAL CORP,-0.19212214648723602,0.09842927008867264,3.434863542132038e-4,0,0.014347013312822026,0.01460416370537132,-0.984410847206889,19.905650397907383
TOMPKINS COUNTY TRUSTCO INC,-0.11538461595773697,0.125,7.615749572393866e-4,0,0.02775943882625082,0.014114080462604761,0.35858854641476,8.09130756866287
TOMPKINS COUNTY TRUST CO NY,-0.10810811072587967,0.18918919563293457,0.0027140139701506963,0,0.04842122805153333,0.07092510536313057,0.2147680352558722,3.083590243054188
TOMPKINS FINANCIAL CORP,-0.06520550698041916,0.09185180813074112,9.299863176640846e-4,5.219902377575636e-4,0.01552527660713275,0.016965690068900585,0.10921430518360446,5.4964332984419615
TOMPKINS TRUSTCO INC,-0.10680907964706421,0.12987013161182404,5.033106543927312e-4,0,0.017295240450222144,0.01728868903592229,0.5617677194249353,8.680669896423634
TOWNEBANK,-0.19247466325759888,0.3605303168296814,6.564506378937304e-4,6.586574600078166e-4,0.02704628501999619,0.02415621536783874,1.4050709845300235,23.750510173228786
TRICO BANCSHARES,-0.3652731478214264,0.46033865213394165,6.797893633397983e-4,0,0.02686213830869416,0.02445411286316812,0.9012632781247034,30.449719352418292
TRI COUNTY FINANCIAL CORP,-0.012658228166401386,0.037505146116018295,0.0073512684363907154,0.003943922929465771,0.013672731694736777,0.00967029477988035,0.8570450457615042,3.0224274332741805
TRUSTCO BANK CORP NY,-0.13229568302631378,0.1587301641702652,6.334246840497717e-4,0,0.02163842849141079,0.022271200083196163,0.49017893204037793,8.37469108112483
TRUSTMARK CORP,-0.18825994431972504,0.2711864411830902,6.365062446410795e-4,0,0.022492782951056365,0.020835248054936528,0.49234724466000207,13.359751272465383
U M B FINANCIAL CORP,-0.24647483229637146,0.17796610295772552,6.066600989919955e-4,0,0.01992312166838155,0.018649225356057286,0.1163590424759984,14.557212970942103
UMPQUA HOLDINGS CORP,-0.23103450238704681,0.2575250267982483,6.132743509640593e-4,0,0.026942124689294276,0.02257520891726017,0.47051690609846414,12.808723584091156
UNION BANKSHARES CORP,-0.2281879186630249,0.25738397240638733,2.0927327676049787e-4,0,0.03555706651059634,0.03078170749358833,0.6380796265951064,10.06186111597304
UNION BANKSHARES CORP NEW,-0.06617967039346695,0.0600288026034832,7.050430520466547e-4,0,0.014584576699896032,0.015719106886535883,-0.109733445722889,5.701763900469029
UNION FIRST BAMKSHARES CORP,-0.09727949649095535,0.14975374937057495,0.0010075194594185764,0.001146815251559019,0.02342627645754641,0.02249911893159151,0.3077453281049914,6.3766730214806735
UNITED BANKSHARES INC,-0.17653553187847137,0.24564538896083832,6.26389798542776e-4,0,0.021805924718679714,0.020304715260863304,0.79430425653202,13.984856833338206
UNITED COMMUNITY FINL CORP OHIO,-0.3634812533855438,0.585106372833252,9.753606904360193e-4,0,0.036160843747764855,0.02833838015794754,1.3274618695428722,31.94008997669775
UNITED FINANCIAL BANCORP INC NEW,-0.07731211930513382,0.051118284463882446,7.107807785370705e-4,6.006626936141402e-4,0.01354954519738607,0.015523385722190142,-0.18592578142415891,5.286440987820679
UNITED MISSOURI BANCSHARES INC,-0.0397351011633873,0.027397260069847107,-1.98303283532224e-4,0,0.013413089899363179,0.013654581271111965,-0.05068944932558208,2.7495561830364372
UNITY BANCORP INC,-0.3599088788032532,0.4234875738620758,9.610207146900978e-4,0,0.031276440371762804,0.0205263108946383,0.6593356169031993,23.12666772733869
UNIVEST CORP OF PENNSYLVANIA,-0.14920759201049805,0.23507460951805115,5.977695458309163e-4,0,0.02668016869700369,0.022824588231742382,0.5407345466343233,10.706965401599899
USBANCORP INC PA,-0.17894737422466278,0.16239316761493683,5.326197964015854e-4,0,0.0245119596816338,0.02270429953932762,-0.19315088224440663,8.919608755169573
VALLEY NATIONAL BANCORP,-0.09327548742294312,0.10220994800329208,4.914871139938619e-4,0,0.014228825883970444,0.014799671713262796,0.06689055380283335,7.219809036237793
VIEWPOINT FINANCIAL GROUP,-0.08567854017019272,0.11775526404380798,1.9423826265145148e-4,0,0.02282366180127254,0.02081979252398014,0.6203921344815014,6.623521757826775
VIEWPOINT FINANCIAL GROUP INC,-0.06983999162912369,0.07437275350093842,9.977719291316297e-4,0.0012945280177518725,0.015435822279356652,0.016423810739070177,-0.130580005210345,5.404840230036752
WASHINGTON FEDERAL INC,-0.26383763551712036,0.29380059242248535,5.716263546748074e-4,0,0.019821317021287813,0.018556436523795128,0.37420831181957465,22.77949265514038
WASHINGTON FEDERAL SVGS & L ASSN,-0.0569620244204998,0.08080808073282242,5.5279322619953095e-5,0,0.01569888234335084,0.01818332076072693,0.46303152982848006,6.158999206861627
WASHINGTONFIRST BANCSHARES INC,-0.1607142835855484,0.27272728085517883,0.0011903679061881173,6.047727310942719e-6,0.01927758792138033,0.014462637947872281,2.2178043546308577,54.12010105940824
WASHINGTON TRUST BANCORP INC,-0.15494397282600403,0.17611154913902283,8.50814524324978e-4,0,0.026119174254326798,0.024118890520185232,0.3971689123094223,7.257809564694509
WATERSTONE FINANCIAL INC,-0.383157879114151,0.3681318461894989,0.0012775050423827776,0,0.0501361696095883,0.03830876899883151,0.6388500438358822,12.616362029000289
WATERSTONE FINANCIAL INC NEW,-0.04003332555294037,0.05327516421675682,8.343573533372379e-4,0,0.00900944170693433,0.010414286865852773,0.39331109143544474,5.737279069820207
WAUWATOSA HOLDINGS INC,-0.07795274257659912,0.10899647325277328,1.6938794808442586e-4,0,0.018973041607801857,0.01663167937658727,0.2066483091473924,6.9150725044884105
WEBSTER FINANCIAL CORP,-0.20950064063072205,0.36386770009994507,7.084106072497261e-4,0,0.025127068301224787,0.020242135506123304,0.7266647987220533,24.19065223977003
WELLS FARGO & CO NEW,-0.23822273313999176,0.3276450037956238,6.489222157778617e-4,1.835764487623237e-4,0.025038076036093586,0.01704525970853865,1.8680804274388085,34.25421891334932
WESBANCO INC,-0.1300121247768402,0.1730908453464508,5.886880791462707e-4,0,0.02305787354071893,0.022612472530454397,0.39878094604178815,8.382863108318576
WESTAMERICA BANCORPORATION,-0.14070728421211243,0.1523522138595581,6.049630444398458e-4,0,0.018097381270492197,0.01748928241431713,0.5207829643315618,10.140604457324583
WEST BANCORPORATION INC,-0.23577240109443665,0.3094714283943176,7.71779487274972e-4,0,0.032030498236135664,0.024897784925997257,0.9286290182222195,15.783993715127282
WESTERN ALLIANCE BANCORPORATION,-0.3937864303588867,0.6349206566810608,8.211002497964678e-4,0,0.03488460310412916,0.027099179103970528,1.9031556826496685,51.96772779530007
WESTERN NEW ENGLAND BANCORP INC,-0.0358910858631134,0.058139532804489136,0.00372626449825475,0,0.01638957402916992,0.013516886945581064,0.6726544610378076,5.049130878683063
WESTFIELD FINANCIAL INC,-0.11735330522060394,0.12405066937208176,5.957277190285371e-4,0,0.01671938100543675,0.014309661812148988,0.3945510850863111,11.691846639394571
WESTFIELD FINANCIAL INC NEW,-0.039604026824235916,0.045819081366062164,-2.400858093442136e-4,-4.5868236338719726e-4,0.012861872986743156,0.012805592035874724,0.2537709483937846,4.9508527702278675
WINTRUST FINANCIAL CORPORATION,-0.19700215756893158,0.23748096823692322,7.022237251029908e-4,0,0.023937062611409324,0.02000705525279045,0.7138281565365928,16.24141178171233
WSFS FINANCIAL CORP,-0.24488791823387146,0.20322386920452118,9.274014783232279e-4,0,0.025485052151853742,0.021733320085331798,0.31818266595865347,10.414341156687426
YADKIN FINANCIAL CORP,-0.08779440075159073,0.06759099662303925,0.001265055852325988,0.001034857181366533,0.015711019677591403,0.016385785304009914,-0.17172082271793682,5.627858666458647
YADKIN VALLEY BANK & TRUST CO,-0.30454546213150024,0.4117647111415863,-5.946188712400255e-4,0,0.03067603330066447,0.022198762744665146,1.1782725182010976,38.92518720130264
YADKIN VALLEY FINANCIAL CORP,-0.2619187533855438,0.9711815714836121,3.8198777273627197e-4,0,0.047359021731198124,0.0312605369836092,5.36529187586268,109.7365994734301
ZIONS BANCORPORATION,-0.24544349312782288,0.2755681276321411,6.741048305367361e-4,1.2531833635875955e-4,0.027139997989650125,0.020865991013124585,0.6346671576287826,21.46080990345299
