Banks,minimum,maximum,avg,med,std_dev,iqr,skew,kurt
1ST CONSTITUTION BANCORP,0,0.6968500244868115,0.39603975660042184,0.4428725046460448,0.2064593231227459,0.2983781283763435,-0.45482365650445866,2.0620210450142875
1ST SOURCE CORP,0.18469681386965497,0.9118039001763787,0.6772157281152957,0.7077062688363507,0.1675902761974575,0.22676073941498676,-0.8285854929703664,3.2341584166057524
A B C BANCORP,0,0.8589592127804728,0.5574777545947373,0.5931906431149326,0.19681314349893067,0.18613823880449432,-1.0428435422055666,3.6960219469493487
ACCESS NATIONAL CORP,0,0.9667380289792318,0.40687001122502864,0.41109995274220645,0.2365312987024118,0.35460503447890923,0.292148773208834,2.3573586604285537
A C N B CORP,0,0.742561309019278,0.2929859048976699,0.3133471818272909,0.2242742209804266,0.3170065916338133,0.260550092533262,2.1379489608798568
AMERICAN NATIONAL BANKSHARES INC,0,0.8878528165401152,0.4474563235186922,0.5040616939644265,0.23609849603050057,0.3623357041684556,-0.4371310651214079,2.217482739622434
AMERIS BANCORP,0.250568526673163,0.9161174808666965,0.6945614049820455,0.7068651693910812,0.1411769936015533,0.16670833933018314,-0.7648601087837187,3.8231617838274423
AMERISERV FINANCIAL INC,0,0.9780185604507015,0.5040802416860121,0.5281256435640941,0.24414728322861615,0.3191248703165289,-0.03578134612114132,2.3805556325354966
AMES NATL CORP,0.1387581085978894,0.9527972189392243,0.5769659134860795,0.5839945791698209,0.18634307395100425,0.2111390609686079,-0.17303339896522335,2.7777151365159076
ARROW FINANCIAL CORP,0.014879312713758419,0.9855027188121219,0.5981003928609362,0.6564896358634013,0.2145747796567807,0.30759148107404133,-0.6889267628911763,2.8694042540869473
ASSOCIATED BANC CORP,0.06380565438341856,0.9479631067838243,0.6043931230203865,0.6356074587340412,0.22699746508423557,0.2872797021798834,-0.7449908383721959,2.7537156418395607
ASTORIA FINANCIAL CORP,0.12171427046976291,0.8965823762022826,0.5633677753705278,0.5767768683590394,0.18267383915392674,0.26774155174064174,-0.2164128134617125,2.3173891173600083
AVONDALE FINANCIAL CORP,0.2902130553965834,0.860307806134309,0.6193813984446433,0.5725116063729196,0.21062381963720894,0.39754683451283407,-0.09122759414061178,1.541896923399833
BANCFIRST CORP,0.009365208910621647,0.927418200320177,0.5572710435366152,0.6107761830645252,0.21562740561269628,0.33664654272497807,-0.47235899649073704,2.434949820979067
BANC OF CALIFORNIA INC,0.21560793251581867,0.988852621696034,0.593750877281916,0.61457150634043,0.24311043886834038,0.26543120549795185,-0.07881207639465965,1.9908564172847585
BANCORP HAWAII INC,0.17762019689328779,0.9164285536189584,0.49316045285346605,0.47989838286236886,0.2091155584123392,0.3134214954809049,0.35438182981400823,2.2920037159544275
BANCORP INC,0,0.981728148752924,0.601022900729823,0.6536410897334186,0.24506977110712488,0.34090852674193817,-0.35103382415914086,2.3098214026875565
BANCORPSOUTH INC,0,0.9641685456853082,0.6266415128268998,0.6858847159600707,0.22573398541344422,0.35487715549696697,-0.7507142985320306,2.7446493395708047
BANKAMERICA CORP NEW,0.3888136166036976,0.659732644898298,0.5242731307509978,0.5242731307509978,0.19156868205958205,0.1354595141473003,0,1
BANKFINACIAL CORP,0.07718232583668028,0.8402276929982946,0.5373351009759798,0.5627291890438382,0.1729183431163535,0.2709716976779362,-0.4244998837827693,2.591528985302535
BANK MUTUAL CORP,0.0793795271819202,0.6771379781836313,0.3439730664360931,0.31350502699860605,0.2006954272430136,0.26326847484783117,0.22219090652293383,1.9591018552139725
BANK MUTUAL CORP NEW,0.32393489309304113,0.8868290879252994,0.6064696792818338,0.5935871240046837,0.13767290471149238,0.16712308027628942,0.04834385099331219,2.3821826706938856
BANK NEW YORK INC,0.29118139001941823,0.9285184853975063,0.6156409891799275,0.6404026090574169,0.15529196601694548,0.2402980399251583,-0.11856287863849725,2.166940322251433
BANK OF AMERICA CORP,0.15442064690183654,0.8992932115123384,0.6569430051590949,0.6968026693957595,0.16971219392867573,0.20949787539684417,-0.860387223911631,3.2417519630101106
BANK OF COMMERCE HOLDINGS,0,0.8319865558453262,0.25803523774190185,0.22862251613292084,0.22584518076720617,0.318677466685952,0.7649397786340333,3.0133458232648676
BANK OF HAWAII CORP,0.1941334804593181,0.908260934186709,0.7016946666108959,0.7547998938144991,0.1833990597170881,0.21136395063102797,-1.1538430029498017,3.6410241882414813
BANK OF MARIN,0,0.4923806370395567,0.22293559753364478,0.19918534412320732,0.15064661917658909,0.23074006594651508,0.2078088096818703,1.9755589599620198
BANK OF MARIN BANCORP,0,0.8126172609022568,0.43381765207460427,0.42532933210772694,0.20914908456734632,0.31074830916109186,-0.11626926386918804,2.2680473587750725
BANK OF NEW YORK MELLON CORP,0.3526021358098953,0.8775140295619243,0.665556514568869,0.6551754375330766,0.13289176520965057,0.2197644494860559,-0.09318644176977607,2.2983614517345603
BANK OF THE OZARKS INC,0,0.9380815982628941,0.5137148823525036,0.56509866077327,0.2197329128486992,0.32490606888847595,-0.5707890332473511,2.485035685975031
BANK SIERRA PORTERVILLE CA,0.4425666601909535,0.4425666601909535,0.4425666601909535,0.4425666601909535,NA,0,NaN,NaN
BANKUNITED INC,0.062012098693943085,0.8512979240794564,0.5569170305382503,0.6776247304914073,0.24390759944204699,0.41380804454901887,-0.6151823519332559,1.9378497917934008
BANKWELL FINANCIAL GROUP INC,0,0.8963476422360948,0.4273683131218609,0.3837010749878084,0.27349059486474725,0.3869414299431308,0.24900530989191555,1.968624053507839
BAR HARBOR BANKSHARES,0,0.8753497682918043,0.2786898583766658,0.22711314463508447,0.2418016351501311,0.3757907748120719,0.5826695820890049,2.2829059069868856
BBCN BANCORP INC,0.39809689059624,0.9049590660869192,0.657523121191274,0.6179178506965785,0.1456223424110152,0.19586872168799918,-0.12569141112128043,2.2117959837093375
B B & T CORP,0.39157940019233095,0.9451434651404482,0.6996800738151864,0.7062010500567973,0.13450385592023464,0.23480055560958946,-0.21799961918398442,2.1158554183655465
B B X CAPITAL CORP NEW,0.2475859773689818,0.3199188658199704,0.2837524215944761,0.2837524215944761,0.05114707592650416,0.03616644422549431,0,0.9999999999999999
B C B BANCORP INC,0,0.8135563503127159,0.24717939361091382,0.20274679753014485,0.22948541200179337,0.3433841469824153,0.8302954294389524,2.8632471706512326
BEAR STATE FINANCIAL INC,0.0657973640320505,0.9363242883625492,0.5484130092312061,0.6231415498356996,0.279196034400413,0.44204159524111125,-0.21103761272662228,1.6699495616709468
BENEFICIAL BANCORP INC,0.1691522788089148,0.8197844286675463,0.6169237593970536,0.67249210559809,0.19645166407343795,0.14399806090057565,-1.2700429372167408,3.560161013976415
BENEFICIAL MUTUAL BANCORP INC,0.21332147271671575,0.8077204462048254,0.5351073536196842,0.5398997291929202,0.15723345650942247,0.21925292473163216,-0.019066309381291738,2.3390403777570734
BERKSHIRE HILLS BANCORP INC,0,0.8858639105184205,0.5217988687145249,0.5746452170650149,0.27103653821514617,0.4770667588962494,-0.4959376039168491,2.0023722853894155
B N C BANCORP,0,0.7984201971617331,0.4072975012992603,0.41583338846198536,0.2250896549100961,0.3933491071147973,-0.10623380288599098,2.0232640855912605
B OF I HOLDING INC,0,0.9677321570159164,0.5312202795659362,0.5636272749277514,0.25638390311190395,0.38304782967245576,-0.26896004629440423,2.3112439877595925
BOSTON PRIVATE BANCORP INC,0.8968326603483997,0.8968326603483997,0.8968326603483997,0.8968326603483997,NA,0,NaN,NaN
BOSTON PRIVATE FINL HLDGS INC,0.05820684186135383,0.9349588858504304,0.6240716951771,0.6501945082131243,0.18643804663966393,0.2604773079663829,-0.6225361954544982,2.908742325537996
BRIDGE BANCORP INC,0.11167794547956944,0.8831170373588325,0.5673978819950778,0.6237879985493795,0.19829188005688483,0.28100981561067506,-0.44984621003361497,2.2485596641286785
BROOKLINE BANCORP INC,0,0.8862403793125764,0.5752987443281532,0.6044406495163884,0.20955863744760447,0.3001971638406336,-0.6853792459023452,2.759012772524355
BRYN MAWR BANK CORP,0,0.9032747458331783,0.4532625698954864,0.442424704831035,0.22015595575495223,0.2826272959831071,-0.29299180726729834,2.35581039310849
CADENCE BANCORP,0.35254477563629916,0.5520356819748171,0.42250935624319247,0.3629476111184611,0.11229361753754499,0.09974545316925898,0.7002858726551868,1.4999999999999996
CAMDEN NATIONAL CORP,0,0.8680079338169404,0.518351550492764,0.5654921359068482,0.2167450641072098,0.29631044852809596,-0.47433135895387507,2.4181572413337857
CAPITAL CITY BANK GROUP,0.14329547478543103,0.8972542705863054,0.5883474590100307,0.6090615568368942,0.1703895948239895,0.19597091391381938,-0.6292164969345251,3.071424602914615
CAPITOL FEDERAL FINANCIAL,0,0.6584792374832078,0.38285785101510633,0.41577087505231,0.2003678875061678,0.3343775104578329,-0.27214918805033345,1.748303044666602
CAPITOL FEDERAL FINANCIAL INC,0.14608142279090675,0.8086055232596291,0.5805563464484562,0.6216065025420918,0.1822544091830665,0.1917897924100017,-0.9585351333214688,3.106985639478457
CARDINAL FINANCIAL CORP,0.12860120715743117,0.9257016887416976,0.6030626573531647,0.6230955524590904,0.1911602631343812,0.2618829053851003,-0.45952114419723106,2.490645987731858
CAROLINA FINANCIAL CORP,0.03195019601436999,0.887076051455534,0.48990051995428247,0.5639140035711157,0.2700464948631014,0.36939585322551727,-0.31820711660293166,2.009613251684537
CATHAY BANCORP INC,0,0.9920336369134191,0.5655713558424801,0.5768487304096804,0.260814470142216,0.3471514351739826,-0.4137771887093886,2.56492456011178
CATHAY GENERAL BANCORP,0.33892609482576797,0.938510336372125,0.7620053182972139,0.7996403002155381,0.13186868127928267,0.13947674747421734,-1.0895744850031257,3.8485982046789107
CENTER BANCORP INC,0,0.8611576402966222,0.4353828143382563,0.443330480102753,0.21678302231254573,0.3280008581937884,-0.11568275912518881,2.3429335151264676
CENTERSTATE BANK CORP,0.7850355954299726,0.7850355954299726,0.7850355954299726,0.7850355954299726,NA,0,NaN,NaN
CENTERSTATE BANKS INC,0.08319773387269036,0.9363692389916832,0.6184371138665378,0.6699226190756141,0.18813793118416658,0.23424207343179348,-0.8411605571561857,3.6649269896371894
CENTERSTATE BANKS OF FLORIDA INC,0.03668844993193987,0.8225731113586426,0.4762746037891692,0.4840700005250125,0.22647726485641398,0.21650518418548115,-0.32154125070262635,2.413325606583182
CENTRAL VALLEY COMM BANCORP,0,0.9199257148218198,0.544464136246345,0.5727681531506745,0.1991056049351193,0.26649035757448525,-0.5351653167290852,3.1709012961036187
CENTURY BANCORP INC,0,0.9895325194932626,0.45620336939314177,0.4672511638197228,0.2023796165386214,0.22741868678888755,-0.22655484190591593,3.227870166832984
C & F FINANCIAL CORP,0,0.8042436551106621,0.35735901441613344,0.3647441833389789,0.20643039085520115,0.31042220148062016,0.14425006147627337,2.0274564229780143
CHARTER FINANCIAL CORP,0,0.765012866590601,0.4356717463108421,0.47890504268852596,0.22812111829014364,0.28763691696758964,-0.445130631527118,2.152502153577206
CHARTER FINANCIAL CORP NEW,0,0.6931190549091906,0.3778958901328123,0.40156585443090165,0.16622203985019746,0.23139908448865187,-0.33900965474721445,2.8686468178544735
CHASE MANHATTAN CORP NEW,0.4689402876903196,0.9295932016735449,0.6771110175949503,0.6643983087016918,0.1278052928630277,0.17771813053162222,0.21490253712028684,2.250707651100396
CHEMICAL BANKING CORP,0.3031086541258361,0.9422729646749638,0.5735959963920682,0.5341432728289675,0.20798302392776424,0.2790838924873412,0.4130487373254279,1.9205982697446868
CHEMICAL FINANCIAL CORP,0.14666040647237566,0.9879539280907074,0.7334307665409838,0.77304308287651,0.16720644285965042,0.15923683279593503,-1.389894907644763,4.947681684431237
CITIZENS FINANCIAL GROUP INC,0.16502110426768724,0.9040534909025599,0.6528324880937613,0.705796289732104,0.2026444645357303,0.18800221401335582,-1.049233022311961,3.5694488447933943
CITIZENS HOLDING CO,0.06389624452091691,0.8721143831578668,0.3981583547786296,0.37620924402256395,0.1997816100798582,0.28540257402545133,0.5008977412639875,2.7265160894359677
CITIZENS & NORTHERN CORP,0,0.8376612388529527,0.5393529817882025,0.5899364590034135,0.19879032001157373,0.1390069828335997,-1.038079691956442,3.6561466778302014
CITY HOLDING CO,0.11093490099466052,0.9647668297766355,0.7027881338230149,0.760163365915939,0.17548487876794575,0.24125852623649202,-1.0731150100570668,3.76386803546457
CIVISTA BANCSHARES INC,0,0.8029228765290971,0.39558287946882204,0.3587314799195389,0.264948141412921,0.400491746689646,0.06596886134168499,1.8376271218586782
C N B FINANCIAL CORP PA,0,0.8796695256555577,0.5324586776545028,0.5858424050353126,0.22537958557087853,0.27918302535149847,-0.9383777521280555,3.18219995497727
COBIZ FINANCIAL INC,0.32700354717711055,0.9503178116217946,0.6608175000439848,0.6623938746566052,0.15461454998695684,0.22450276062824204,-0.23662499776744342,2.2507993307816103
COBIZ INC,0.1672118727260784,0.8241034146129776,0.5570553990950251,0.595683297801169,0.20353566635723727,0.23293870232379954,-0.5393929966976655,2.180297221501632
CODORUS VALLEY BANCORP INC,0,0.7935603878975672,0.41628522618006164,0.4557300405295185,0.2484371955812317,0.4105362899554224,-0.13010659156021634,1.7199001837927343
COLONY BANKCORP INC,0,0.9852882972417301,0.4958848812176949,0.49560614575564566,0.3115514022022595,0.46467381294453003,-0.12938057827696633,1.9071506833771685
COLORADO BUSINESS BANCSHARES INC,0,0.7686899347245141,0.46474753200638963,0.5185886830653648,0.2460535242367487,0.2248781591456287,-0.6938215718366878,2.6771323546780534
COLUMBIA BANKING SYSTEM INC,0,0.9922048574031693,0.648170756641318,0.7038798645950373,0.22787463546048714,0.3021003462285282,-0.7307624683054249,2.826162343897411
COMERICA INC,0.06685112592925946,0.9441306816618672,0.6905848250943565,0.7382759680396183,0.18166170426839862,0.1811938665805055,-1.251702511266571,4.437545328497643
COMMERCE BANCSHARES INC,0.06411799615575298,0.945573478923707,0.576772532968295,0.6035480297792404,0.2358287915194284,0.3578756832959897,-0.411677101044722,2.1329946397803248
COMMUNITY BANK SYSTEM INC,0,0.9365067952402837,0.6161172961881065,0.7090919733629018,0.28131861982534945,0.41239562882333247,-0.8686941102839889,2.527808023960261
COMMUNITY FINANCIAL CORP MD,0.11916051555877127,0.6620673638672139,0.3356701998855415,0.32839526881079495,0.20233053529660713,0.2792181917797829,0.4354043767505147,1.969511448415475
COMMUNITY TRUST BANCORP INC,0,0.8896670720328738,0.602719026111362,0.6544942541631116,0.21575421170686726,0.24909717741065485,-1.0079811498163451,3.4523961765924582
CONNECTONE BANCORP INC NEW,0.24634065308618347,0.873740084348525,0.6115121163825807,0.5781074209170486,0.16675778436327968,0.2014500875178591,-0.34745545880148554,2.894042166947661
C U BANCORP NEW,0,0.8131830590471775,0.35489269133029033,0.4216632180708191,0.2239717011450058,0.27750167691572963,-0.04441706289531399,2.434119569782253
CULLEN FROST BANKERS INC,0,0.9314134252958013,0.6131129451313805,0.6807918175899789,0.21914273247630625,0.35906458143360515,-0.7202396453375548,2.573595969586191
CUSTOMERS BANCORP INC,0.29203931882297995,0.7686396771617188,0.5852413241464912,0.6129252531674771,0.1600882117887379,0.22944582402089203,-0.5349993742425188,2.1128420657825853
C V B FINANCIAL CORP,0,0.9661743710379965,0.6471622448530202,0.693591285460273,0.2380457655739464,0.3148912281975471,-0.9098501568322082,3.121854136365348
DIME COMMUNITY BANCORP INC,0.17211012054693864,0.7449789536851519,0.5002829411593521,0.5817671824610249,0.20410679482169702,0.2600118272529022,-0.42139833037996777,1.9284844549792313
DIME COMMUNITY BANCSHARES,0.051699990205646196,0.948510375389803,0.6042420157636365,0.6257027376338012,0.18565620683629483,0.2163833907559547,-0.8552476110640448,3.909736354718359
D N B FINANCIAL CORP,0,0.6800087829125375,0.3545978516516342,0.3570271401406636,0.24887402707292341,0.4553535643142788,-0.2101212567643706,1.6013597756848912
EAGLE BANCORP INC,0,0.9249738430137686,0.4823441151928713,0.5014191651230437,0.2596505027772049,0.40972507954640436,-0.30622417372252353,1.9572525613380731
EASTERN VIRGINIA BANKSHARES INC,0,0.8745570167321726,0.40484811899982204,0.3598789344035639,0.28846731837507655,0.5363039280004496,0.19498386389252328,1.7497302547403886
EAST WEST BANCORP INC,0.20487178805021733,0.9178549713551434,0.6289886925648913,0.652560591023444,0.18811119999578543,0.293678119121731,-0.5123956213345003,2.370876649839446
ENTERPRISE BANCORP INC,0,0.876970968208538,0.491943177752907,0.5609595578980736,0.21700101670141198,0.330069396866044,-0.4864104245895368,2.3558490741595635
ENTERPRISE FINANCIAL SVCS CORP,0.13325975136412038,0.9041201499634601,0.6779819285393243,0.6877178224764633,0.155137265280102,0.17739485809325095,-1.0156047915137918,4.656795743929003
E S S A BANCORP INC,0,0.8404803235619209,0.45980339424060995,0.5256509091416768,0.2364180774471764,0.3860870208605006,-0.3967587869774222,2.085346035187406
EVERBANK FINANCIAL CORP,0.05041764279640126,0.7438723131746345,0.48827464965422335,0.5633275140986834,0.21769060115992023,0.29176210310641787,-0.6873241495921965,2.245070335264629
EXCHANGE NATIONAL BANCSHARES INC,0.052312445113556705,0.7023477277593717,0.3907076217758133,0.3881197581148522,0.22112735722772314,0.30760385256268075,-0.09659642984506273,1.8799085327679992
FARMERS CAPITAL BANK CORP,0.009181896148114599,0.9337474352826562,0.4947440140688974,0.5108959033144448,0.19761144280189524,0.2820135618820571,-0.2388755148808159,2.4852121931215563
FARMERS NATIONAL BANC CORP,0,0.770292852045776,0.4482209537383714,0.40928536993155484,0.2238574191080019,0.36506775880455433,-0.1944905407700166,1.96366611836654
F C B FINANCIAL HOLDINGS INC,0.30069584693633167,0.8545307190664907,0.628597481942705,0.6606951475205805,0.16639318973511594,0.19922194515963665,-0.7651902158953796,2.5561296304864736
FIDELITY NATIONAL CORP GA,0.038304756766064596,0.9467277574266426,0.5801365930811391,0.5680205164143741,0.22992797421688402,0.3346960963767509,-0.3381510250799416,2.7708430861781004
FIDELITY SOUTHERN CORP NEW,0,0.8257657055624934,0.43970753720306954,0.4631842138488003,0.2304486971606124,0.3210483799450369,-0.22306478529236295,2.2033865854198638
FIFTH THIRD BANCORP,0.05138218371361725,0.935888526123649,0.6421001164746192,0.667903025129626,0.18237463208506222,0.25874827136668366,-0.6801437657688203,3.289308971495871
FIRST ALABAMA BANCSHARES INC,0.4943313631719053,0.8875307185410424,0.6323450082079325,0.5737589755593913,0.1801457102351397,0.18265581223724636,0.8213210694166801,2.0160332313397937
FIRST BANCORP INC ME,0.36860800822171313,0.9732315353750257,0.6433187456920693,0.6463643286670109,0.1315981972334011,0.18285046133265626,0.0283633937798184,2.771984147304962
FIRST BANCORP NC,0.10250704458357052,0.903688337685431,0.6424933826351477,0.6514565425308957,0.1550288638290253,0.25117456223369705,-0.6472796701517485,3.43575123038698
FIRST BANCSHARES INC MS,0.03918005051219042,0.8882286437109129,0.41339879669501794,0.38761218879646764,0.24493424834011268,0.3425720023653808,0.2604692671696247,2.0785873807073774
FIRST BANK,0,0.4433150977899558,0.33815058793364344,0.3877482350089563,0.128738798679445,0.08428824792755185,-1.545426071879929,4.1843984197335375
FIRST BUSINESS FINL SVCS INC,0,0.9518163533647113,0.35825002878550344,0.39988905035875616,0.23434902529956675,0.24463156296435518,0.0817473805546085,3.0117709538722393
FIRST CITIZENS BANC CORP,0,0.8932942336211053,0.3359674508127369,0.3289223354220907,0.197743348383777,0.22883435680254688,0.37177570385828274,3.1350404892317596
FIRST CITIZENS BANCSHARES INC NC,0,0.9169084023938615,0.5157588598965798,0.5276271557040694,0.21996815390789393,0.3603495442748741,-0.32735763606192797,2.318185512283512
FIRST COMMONWEALTH FINANCIAL COR,0,0.9440190721535476,0.661016403607627,0.7097192427196893,0.215408441277314,0.2668816605292057,-1.219143946095187,3.9194918076029506
FIRST COMMUNITY BANCORP,0.24529395788299257,0.7758254739370503,0.505886056088136,0.5033872965271877,0.16045759863730655,0.22672368642616958,0.0707705763950135,1.9288401392809214
FIRST COMMUNITY BANCSHARES INC,0.18328245096367624,0.9075320587350018,0.6636556310785635,0.6746031375523327,0.1395333638206848,0.15484867368085087,-1.2435825328428731,5.39132289137933
FIRST DEFIANCE FINANCIAL CORP,0,0.8394452387673352,0.4400957134782688,0.429401120921416,0.22057236726043464,0.30923944296539474,-0.241895053774477,2.363984652104123
FIRST EMPIRE STATE CORP,0,0.7094966554160458,0.19207983606742274,0.1633237737320803,0.16910617998630592,0.21784416284185618,1.3731715775456261,5.331226346346317
FIRST FEDERAL BANCSHARES ARK INC,0,0.9432360815802869,0.3724646375505468,0.355956524035643,0.25005494822819235,0.3389862308638738,0.2463278065219275,2.393835315483989
FIRST FINANCIAL BANCORP OHIO,0,0.9568087203055284,0.6242707695104811,0.6563183738096565,0.2313164157646558,0.2804170946847323,-0.8192941215863475,2.9754127605820457
FIRST FINANCIAL BANKSHARES INC,0.13434283039905115,0.9298461727504798,0.6974959538513541,0.7299531490501627,0.1829763348323328,0.24345226734047265,-1.0915752108963812,3.695598491131605
FIRST FINANCIAL CORP IN,0,0.9204615222371987,0.6019038171118672,0.6504659209447672,0.21042228188463874,0.2690806663074611,-0.9471566479519296,3.2817184506952133
FIRST FINANCIAL HOLDINGS INC NEW,0.4976943884236319,0.9372829573624164,0.72111886187038,0.7283792398250918,0.21988420202789938,0.2197942844693923,-0.060593820720155976,1.4999999999999998
FIRST FINANCIAL NORTHWEST INC,0,0.9458681130337767,0.4227932339953831,0.42007309971568496,0.18894292612169059,0.2220836793532719,0.27923766351631496,3.28283599159588
FIRST HORIZON NATIONAL CORP,0,0.92283153146516,0.6476907630201928,0.6971722115377017,0.20677414651679446,0.2783831171037301,-0.9510967267300707,3.4433978300234487
FIRST INTERNET BANCORP,0,0.7993713478913137,0.4484454336180344,0.4894731975164851,0.25978837580035447,0.28704679489256335,-0.518416204613393,2.1556718890740485
FIRST LONG ISLAND CORP,0,0.9001489505290149,0.49128874681484896,0.4975885075079314,0.22684833575837676,0.2813801724936247,-0.33841360754229216,2.397527126549739
FIRST MERCHANTS CORP,0.04845171691711647,0.9641784508256402,0.627396401481534,0.6658526492825168,0.20814149252162967,0.38857478817524754,-0.5554580336295357,2.3215255450608976
FIRST MID ILLINOIS BANCSHRS INC,0.18787422645746188,0.574586434288787,0.3995332433170597,0.4965727906404951,0.17713147024919837,0.31512595396560167,-0.29659427217127066,1.2238924651886929
FIRST MIDWEST BANCORP DE,0,0.9470870832384124,0.6520860429782641,0.7128456055757304,0.23504912685504248,0.32306774544356043,-0.9483443126174929,3.0178193216725835
FIRST MIDWEST FINANCIAL INC,0.27528976048690956,0.957421317636511,0.5819754776330587,0.5031318580633375,0.28685824712632363,0.4472609030995133,0.3603700965918452,1.4759806305310346
FIRST NATIONAL CORP ORANGEBURG,0,0.8728822504455591,0.4200052395309777,0.4240335620879186,0.2752614132936474,0.484144058074933,-0.013106519032155546,1.7306648301574568
FIRST NATIONAL LINCOLN CORP ME,0,0.5998606699426843,0.2593360171729504,0.24987348836913348,0.1857190546623789,0.22506557332812188,0.526405878324933,2.2789013433799283
FIRST PACTRUST BANCORP INC,0,0.8940444036266797,0.3406310889725188,0.35732475597230373,0.25397374416177226,0.27856618925280613,0.4844910075140081,2.529295050628901
FIRST REPUBLIC BANCORP INC NEW,0.5454106952895008,0.5699931422721993,0.5577019187808501,0.5577019187808501,0.017382414959624903,0.012291223491349257,0,1
FIRST REPUBLIC BANK S F NEW,0,0.8747428269148334,0.5881521500543262,0.6414543628815212,0.22520919819016266,0.24666997845356364,-1.0094854053751967,3.3487689814863564
FIRST TENNESSEE NATIONAL CORP,0.043841659092287655,0.904558858763893,0.54279021434032515,0.5668883667473409,0.22429774823011017,0.2775373522828901,-0.48723983421257105,2.584853061100177
FIRST UNITED CORP,0,0.9634474467638805,0.2666526308110349,0.23384265448370334,0.2358822836264283,0.3338878921069077,0.8263551573811092,3.1598744012679174
FLUSHING FINANCIAL CORP,0,0.9415978669349567,0.5799754149513958,0.6189240706161283,0.22980617581468019,0.3145326638727401,-0.737288625726752,2.8745433630706287
F N B CORP PA,0,0.9988393905618613,0.6165369418072801,0.660101377244808,0.24003898457352044,0.3656769876053836,-0.6065096309791227,2.461281317417733
FRANKLIN FINANCIAL NETWORK INC,0,0.786380360021276,0.46327957350728893,0.42514038703786017,0.22005241337840478,0.25432778067968054,-0.541390665049053,2.9344367199724237
FULTON FINANCIAL CORP PA,0,0.9624129944516275,0.6309593855145508,0.6247221675209688,0.19817652214654685,0.2799318531777887,-0.5463482439956222,3.144970022789141
GERMAN AMERICAN BANCORP,0.027464576427498333,0.8472469575292794,0.5011773375436911,0.5394927115958665,0.2398148597701105,0.38340988653105007,-0.3645408198883038,2.026404922674884
GERMAN AMERICAN BANCORP INC,0,0.9282217200729628,0.5147931115203069,0.5698973673737344,0.2601482051937941,0.3638507714401491,-0.5208332051776275,2.2426833299568485
GLACIER BANCORP INC,0.23307873111058452,0.9571170761975589,0.6580682630918694,0.6649364627067325,0.2757285225433596,0.3853855636776068,-0.3629958756460045,1.795356933745445
GLACIER BANCORP INC NEW,0,0.9432485543164335,0.6662237577333734,0.7245896118695868,0.21454037486928232,0.2767771545436569,-1.0334823127622461,3.4348719248638693
GREAT SOUTHERN BANCORP INC,0,0.9818680440916359,0.6024162604351061,0.6554908529044748,0.23516431595269638,0.2871161377329318,-0.8795152783636767,3.0319637257035024
GREAT WESTERN BANCORP INC,0.6678267344952773,0.8484621470280578,0.7545592282907824,0.7433979705329612,0.05622869580820475,0.06612867265093059,0.2755119614133169,2.1748097760143983
GREEN BANCORP INC,0.380250582241635,0.8866521958857343,0.6093331781036925,0.5806256637199743,0.14530700679721803,0.18528345037180538,0.36815168083296534,2.4306506418352667
GREENVILLE FIRST BANCSHARES INC,0.07323345344972876,0.5974759536171813,0.2884856069346693,0.2611620078948627,0.1799476591561603,0.3049671100181709,0.36192023173195875,1.8478739105734732
GUARANTY BANCSHARES INC,0.46702091812023727,0.5300684568100067,0.49058716558793336,0.4746721218335561,0.03440515218666093,0.03152376934488471,0.6679686151146913,1.5000000000000002
HANCOCK HOLDING CO,0.06987419304305809,0.9357104018748061,0.6412755791396749,0.6872562516460838,0.20778210380412607,0.27989066538075835,-0.8437780511833697,2.9963445353875873
HAWTHORN BANCSHARES INC,0,0.7537567162491143,0.35439733199707096,0.3770454229272425,0.21426594480196062,0.2733004300978149,-0.07931701356828731,2.243291363850747
HEARTLAND FINANCIAL USA INC,0.16841610856322775,0.9174560743259831,0.6621027123972916,0.6920014349149868,0.1607933344704418,0.2185195688140884,-0.9658631849632104,3.516017257959061
HERITAGE COMMERCE CORP,0,0.8612393051874027,0.5620175448980764,0.5999689352690607,0.1795952758399182,0.28191494954492935,-0.6419611678221352,3.0872035608199133
HERITAGE FINANCIAL CORP WA,0,0.8551175017974444,0.45397564375128757,0.4607204367533852,0.2351732426354736,0.35959779776837175,-0.07307040099107452,1.96358678697283
HERITAGE OAKS BANCORP,0.022284224725302115,0.8625189565401594,0.4534758001351812,0.4294500592985118,0.2205817591012078,0.3442722694349563,0.18351146452882194,2.040737874412063
HINGHAM INSTITUTION FOR SVGS MA,0,0.7378367573753967,0.33387305394882527,0.36246588472799884,0.1854836399796344,0.30273936020829195,0.01688865507648198,2.2284578673595976
HOPE BANCORP INC,0.7311830715540701,0.8693125933944903,0.821426362808848,0.8421465343316072,0.054948541887424526,0.044204600034869035,-0.9804753014443518,2.5008318060876102
HORIZON BANCORP IND,0,0.8425305271006627,0.3571363148462851,0.31943180217215866,0.2277642478134497,0.3228998105277397,0.3087384006430919,2.3103678325658903
HOWARD BANCORP INC,0.12864058805454437,0.9447676817402104,0.5118780335886374,0.48551013904510476,0.2225058209706184,0.23915093532284293,0.3186535615685941,3.0015870067380868
HUNTINGTON BANCSHARES INC,0.07548622636428393,0.9646128422255513,0.637750342618557,0.6761991556078368,0.18233718722839606,0.23192951944531148,-0.6249678655448208,3.125720405417394
IBERIABANK CORP,0,0.8998707830814139,0.59077620054914,0.6604761598535474,0.22820044222624483,0.26090475956088643,-0.9847659349351969,3.1767266014527253
INDEPENDENT BANK CORP MA,0.10549415332112677,0.9931554051960413,0.6710784993396687,0.676722754694983,0.17761566792371306,0.23790574881375637,-0.7882546493139797,3.578137753862542
INDIANA UNITED BANCORP,0,0.7119080169066849,0.35076023412476365,0.3455664597961849,0.38287931107471196,0.6357539127760569,0.0071728428745722736,1.0242813151856103
INTERNATIONAL BANCSHARES CORP,0,0.9353618206858227,0.6517199149428763,0.7347284128803977,0.25462747572620437,0.3345451021286453,-1.1033852728620472,3.3474919472542837
INVESTAR HOLDING CORP,0,0.5817677979415645,0.2363265688786251,0.18698280130742684,0.22467398021281976,0.4475742274633139,0.25198433791245717,1.421617403289985
INVESTORS BANCORP INC,0.08903883924947398,0.8918536599009076,0.5797944385751452,0.6469356882003846,0.21709982840754458,0.33779695379588703,-0.6137024331419516,2.32030645931543
INVESTORS BANCORP INC NEW,0.43034327601808364,0.8744881939009078,0.726967052811993,0.7411610067932719,0.12930556788835162,0.15009441851436411,-0.784745575563191,3.074838118458383
I S B FINANCIAL CORP LA,0.011158866883796192,0.9560124382330071,0.4710732350396927,0.4290409133197537,0.30059581504526867,0.49152825379093185,0.3784355110076174,1.8430296640534882
J P MORGAN CHASE & CO,0.44348597921029176,0.8924084970190881,0.7169948385621371,0.7502762885430408,0.13488812352291968,0.16533005235768594,-0.6187040038392021,2.3259696675480828
JPMORGAN CHASE & CO,0.24482080372476356,0.9089752966552064,0.6685587933904052,0.6867308111231312,0.15358590119721252,0.23087009191423002,-0.4996353537235657,2.696602205108754
KEARNY FINANCIAL CORP,0.12524344759787986,0.8127088555694872,0.5318870878916567,0.5622548784842425,0.17981299713376203,0.2352271901620951,-0.6852902751579134,2.9106458891568643
KEARNY FINANCIAL CORP NEW,0.2945671742264502,0.65037113245577,0.473714881199805,0.5274601309804255,0.12414899661876132,0.1791136809303714,-0.20871260883369272,1.620577506103346
KEYCORP,0.3169527016941176,0.6768551902502139,0.4684279169268234,0.4114758588361387,0.1865880569805884,0.1799512442780481,0.5084999448007529,1.5
KEYCORP NEW,0.23245648864957924,0.9556653492852666,0.6921632678714147,0.7142773942515397,0.14507617609778264,0.19239294276918595,-0.5388584728021277,3.091816482170332
LAKELAND BANCORP INC,0.31711297674153505,0.8948366070966669,0.6739758967275813,0.7053929711869388,0.14194549935192655,0.1717100742705342,-0.7507219061370767,2.7605644886672196
LAKELAND FINANCIAL CORP,0,0.9141252266304016,0.6147922583777965,0.6793271306794656,0.22906942523760376,0.2721548131931337,-1.0567792332843782,3.3774429765882172
L C N B CORP,0,0.7373592536983,0.36797153690949963,0.4175366045349116,0.23794856233983266,0.3802587069657255,-0.33966420488842824,1.7972302983994355
LEGACYTEXAS FINANCIAL GROUP INC,0.36177670542647455,0.8901857041827955,0.6920780755757406,0.6899279029401018,0.15338064222948533,0.22334855599061865,-0.5987907764367996,2.8324988055346925
LIFE FINANCIAL CORP,0.5917511448984654,0.9541529666527375,0.7818147295055692,0.8037534101202137,0.12080212740176131,0.1524265482077255,-0.21760672337456002,1.8990887465077684
MACATAWA BANK CORP,0,0.97715641356724,0.5293697629559255,0.5444897943480577,0.2450922848965263,0.3412972828381652,-0.2102961679866731,2.4442275776837517
MAINSOURCE FINANCIAL GROUP INC,0.1758144605796873,0.9035272058947692,0.6260257380562899,0.6666183701242044,0.18237182418666312,0.2469612229734811,-0.8465355298376455,2.967390318625015
M B FINANCIAL INC,0,0.8605224969783398,0.3289065217554695,0.24806479186229446,0.2748574168978224,0.17373049009752076,0.9563019168539839,2.837280633023069
M B FINANCIAL INC NEW,0.1398736155050786,0.9437255612926413,0.6865188090931038,0.7793774592480183,0.21934454700234515,0.3233258487180397,-0.981404926382137,2.8839858664878673
M B T FINANCIAL CORP,0,0.9772232432177369,0.49408835117326755,0.4491148033351572,0.24782330185542445,0.3526184767168521,-0.08979612560931893,2.1964371783927663
MERCANTILE BANK CORP,0,0.9102187456344877,0.44481467083848963,0.47758883961289195,0.23975645312929242,0.30796934813450927,-0.21273659519735164,2.356621173474938
MERCHANTS BANCSHARES INC,0,0.8717984619201875,0.41263834624445134,0.4641144109643638,0.22517737904055463,0.31784010445053335,-0.20198125860338345,2.244774252918589
MERIDIAN BANCORP INC,0.20881428761761123,0.7527244402098623,0.6094384284255236,0.6351865914748911,0.15798118071695316,0.15829117999162368,-1.3712005371022677,4.246737495289534
MERIDIAN INTERSTATE BANCORP INC,0.28161912092565033,0.8591026858740861,0.5219861338128827,0.5136775295484982,0.155304288744116,0.2360510295153,0.2048105305437596,2.299348585328282
META FINANCIAL GROUP INC,0,0.9423706670202046,0.4067687786254929,0.4352749783119205,0.25265300021612386,0.35937834286410186,-0.02159020531892074,2.2756085643290285
MIDDLEBURG FINANCIAL CORP,0,0.7318351876089496,0.2749771323398763,0.25142723260800054,0.21749779424300095,0.3386853881877846,0.3306486373638317,2.048810059844921
MID PENN BANCORP INC,0,0.8906228025391135,0.38702293306063484,0.2838794458586201,0.26093584282168264,0.37739890301555223,0.32529999521581743,1.9927414627495763
MIDSOUTH BANCORP INC,0,0.8643854419869537,0.40607073327861004,0.45294844529266287,0.23214305879235825,0.30556252214687174,-0.22226990636822114,2.2752958144518396
MIDWESTONE FINANCIAL GRP INC NEW,0,0.8656752785326406,0.4401507454641933,0.48849274899918194,0.19832811384517923,0.1717305610517374,-0.4263224118170081,3.140483487796328
M & T BANK CORP,0.058261853384184104,0.9242407449247544,0.6522851004596892,0.6773903488533952,0.18313420638030992,0.2872879882187718,-0.9259946334250422,3.695611986853808
MUTUALFIRST FINL INC,0,0.7638008392254341,0.2811316266423148,0.25220890202802704,0.20069695274619936,0.2751163418573346,0.6322838605165141,2.585717217859953
NARA BANCORP INC,0.21176683979624866,0.9339528574263519,0.5711955546057298,0.6226127143469398,0.1898127398050321,0.29516193971756377,-0.06754193383779167,1.9457277351873001
NARA BANK NATIONAL ASSOC,0.1966209154868359,0.6815250941040256,0.4825765676895601,0.5695836934778187,0.2538911096583597,0.24245208930859485,-0.5556337808823947,1.5000000000000002
N A S B FINANCIAL INC,0,0.8393276970190486,0.4929989702592534,0.5275641880905952,0.20773793745494204,0.289448183848634,-0.42587011532865837,2.4433559894872223
NATIONAL BANK HOLDINGS CORP,0,0.8265936011769014,0.4851068397963063,0.45036152591284406,0.2175578374322676,0.26759592528926324,-0.576377355466701,2.652105304332612
NATIONAL BANKSHARES INC,0,0.8329968210029721,0.38601655375234945,0.37517419657077733,0.20531998092676418,0.2700590051997874,0.1282371590361011,2.4796842717274963
NATIONSBANK CORP,0.25888135011072155,0.9521133140904481,0.664763271230931,0.7009864187375816,0.18917233943624293,0.24857502898367523,-0.31748430231097585,2.439644198821375
N B T BANCORP INC,0,0.9623939244872566,0.7203043332565177,0.7818878334837054,0.19786588357367604,0.20709438766139476,-1.5872315118653388,5.255569455969125
NEW YORK COMMUNITY BANCORP INC,0.11539359122712534,0.8532986511131072,0.5305800547943609,0.583330321091359,0.1979815744747458,0.2933764180875059,-0.42935480651789,2.2576709577966345
NICOLET BANKSHARES INC,0.4258077442728597,0.7141313978058393,0.5369233696881959,0.4996324410399492,0.09376156282849869,0.08535976628426833,0.8659938096148927,2.912813988745907
NORTH AMERICAN SAVINGS BANK FSB,0.601277325373911,0.601277325373911,0.601277325373911,0.601277325373911,NA,0,NaN,NaN
NORTHERN TRUST CORP,0,0.9301341492838577,0.629271152092916,0.6473428283744542,0.18422601785568274,0.22368531482145448,-1.093702175907584,4.685888202155709
NORTHFIELD BANCORP INC,0.07962732788366078,0.906472922473857,0.5983425349882576,0.6250031524784014,0.20226347391336114,0.28023448926424743,-0.6334536752036127,3.1931573937040754
NORTHFIELD BANCORP INC DE,0.3196977305574844,0.8630920238415847,0.6226472788720884,0.6646118228157432,0.16411665056780494,0.18719573594900707,-0.707337041475672,2.3448073558909592
NORTHRIM BANCORP INC,0,0.6573614667742169,0.32642024656851465,0.3761977076780423,0.2186668285139786,0.36408918010746105,-0.23670286427738288,1.6856892735603604
NORTHRIM BANK,0.16563566852276668,0.9586437457067445,0.5473042385276538,0.5228374208203642,0.23766320028721796,0.3150811341773332,0.1798130636113277,1.9263539708342523
NORTHWEST BANCORP INC PA,0.15130041695101648,0.9628944503129717,0.5860677188527313,0.6006848971703866,0.19773752988913113,0.3125630061015137,-0.24439002088950917,2.0769355027231264
NORTHWEST BANCSHARES INC,0.31838800528030087,0.8903538753554476,0.702388353420792,0.7382357749461247,0.12493371269107414,0.15173026358367148,-1.120061439865491,4.119353035263622
NORTHWEST SAVINGS BANK WARREN PA,0,0.9473097806250268,0.4856776670191044,0.40943776299590834,0.3261212863666497,0.46393139665597183,0.17367896900889734,1.8396156986127983
NORWEST CORP,0.1676362803976834,0.9480575832020195,0.6220158908398286,0.7067492258074123,0.22331403800756772,0.3576366929306819,-0.5434103885403194,2.054975077300611
NORWOOD FINANCIAL CORP,0,0.4855163508450183,0.21936465150888693,0.21651338016875976,0.17678632115810095,0.36357728544608947,0.02127640797121708,1.5474445057743673
OCEAN FINANCIAL CORP,0.13527503910058425,0.8210212529015537,0.45817445122970957,0.4017099222853892,0.1999603002294889,0.24325142181790915,0.29990047192505337,2.239173936760915
OCEANFIRST FINANCIAL CORP,0.007057324598868764,0.9582125006271968,0.5117223019477112,0.5372518591014215,0.2135292228885764,0.31646291705845764,-0.2700782294603486,2.607504715739189
O F G BANCORP,0.31872429363267973,0.8987525826982278,0.6607704333946718,0.6724056624642037,0.1530364850538597,0.20609458875816467,-0.4745349205517796,2.677360951360367
OLD LINE BANCSHARES,0,0.7950684233688681,0.3308925860818934,0.3436022463889877,0.22892881385723274,0.3168973584291209,0.15106850563539745,2.236587919120063
OLD NATIONAL BANCORP,0,0.936500020201458,0.6366758337441283,0.7246786898216581,0.24523450686551548,0.35951033610824823,-1.0319780597406394,3.152883946131576
OLD SECOND BANCORP INC,0,0.9474346167629594,0.5153903192669889,0.5093293071386014,0.21755869955997803,0.31832934891007475,-0.005365625818379626,2.2930116674965095
ORIENTAL BANK AND TRUST PR,0.22078549351565013,0.9425268053459548,0.485643304905465,0.29361761585478996,0.397344975106232,0.3608706559151524,0.680473638983616,1.5
ORIENTAL FEDERAL SAVINGS BANK,0,0.9268568826636784,0.4665936017271141,0.472923922517664,0.4634608666934473,0.46342844133183914,-0.025088142447837643,1.5
ORIENTAL FINANCIAL GROUP INC,0,0.8567947890149189,0.4943380744720346,0.5030601223312638,0.20487499504712328,0.22757404436484485,-0.5021838272598218,2.9729846250190315
ORITANI FINANCIAL CORP,0.12976586155614855,0.783267460334891,0.5498058376849775,0.595511309103766,0.18849703892489905,0.20324126830470024,-0.7973448779355546,2.828717450259234
ORITANI FINANCIAL CORP NEW,0.1912810929512403,0.8541897425453333,0.6216650579466092,0.6376544023897064,0.15812608425459707,0.1631626082179891,-0.8709783944702226,3.659536350873871
ORRSTOWN FINANCIAL SERVICES INC,0.014898995599734288,0.912744261570463,0.3462431101457645,0.34061276255103895,0.21649753526631757,0.292595082111756,0.3409671382765966,2.831990419352241
PACIFIC CENTURY FINANCIAL CORP,0,0.8596071476284328,0.5159737987932859,0.5946019151794317,0.2655700314032339,0.38576314801466555,-0.4775596572179372,2.1594130106158334
PACIFIC MERCANTILE BANCORP,0,0.9599059766608469,0.38409026084560477,0.3742552210278525,0.266060866666632,0.4206276699398369,0.10407038229910578,1.887848073198429
PACWEST BANCORP DE,0.1359866702160022,0.9303219940280049,0.7128264138535568,0.7354585378605317,0.15042205922817575,0.14777736346068093,-1.8255595688614534,7.731435405112768
PARKE BANCORP INC,0,0.7646717250481336,0.31086314956074435,0.2854316396964071,0.21542600525032055,0.3566655324562876,0.4648300679448959,2.218894484654628
PARKE BANK,0,0.2785402518148292,0.11669914055493451,0.0567059059234335,0.12146029592382403,0.1996480300923702,0.40011009828079486,1.4483086999318806
PARK NATIONAL CORP,0,0.9277934539214033,0.6026370594995819,0.6675106534259363,0.2514722874911533,0.37468284787402295,-0.7969364724395578,2.647221506462026
PARK STERLING BANK,0.5578347829195007,0.5578347829195007,0.5578347829195007,0.5578347829195007,NA,0,NaN,NaN
PARK STERLING BANK NEW,0,0.7893941566644804,0.5402958961783291,0.5803396143390089,0.19386348091057437,0.3042401992074162,-0.7010430548528839,3.268904131436318
PEAPACK GLADSTONE FINANCIAL CORP,0,0.9260492797019104,0.48731040410409693,0.5065816065947749,0.22150434640577626,0.2732623524598339,-0.2100689120620484,2.6866073051436152
PENNS WOODS BANCORP INC,0,0.8115740019256568,0.3884534870626906,0.4153760531241708,0.21904477745998618,0.38115779538404493,-0.2472299242631273,2.0415495231204672
PEOPLES BANCORP INC,0.03272474806406844,0.8587144235153468,0.5862970137905978,0.6237928600382886,0.20206159895288153,0.24983963107674417,-1.0284966079956188,3.5280159755147453
PEOPLES BANCORP NC INC NEW,0,0.8744358039926111,0.2963042299401807,0.27254974590585956,0.23123325049541077,0.3536396476155895,0.47634350493137034,2.386527048586867
PEOPLES BANK BRIDGEPORT,0,0.9618123461480894,0.4832746942841408,0.5140640064686159,0.23530373949604716,0.3850706036960969,-0.20010040488216954,2.149443931273005
PEOPLES HOLDING CO,0,0.7494736362418906,0.3799639402714028,0.4012505166989266,0.19210737740628347,0.22856974651554562,-0.28386712881214077,2.7615628920921433
PEOPLES UNITED FINANCIAL INC,0.1905081742185204,0.9243187002245279,0.6507332259653966,0.6805298150071598,0.18365026124409914,0.25979855953294984,-0.4444224222343118,2.4337692528937946
PIKEVILLE NATIONAL CORP,0.6325706718192755,0.8196686354803444,0.72611965364981,0.72611965364981,0.13229823885093608,0.0935489818305345,-1.7216165552480348e-15,0.9999999999999998
PINNACLE FINANCIAL PARTNERS INC,0,0.8923609630298593,0.5993277070774343,0.6705179305566725,0.24073536242174703,0.2847271074360718,-0.8653510217170628,2.6422696773273673
P N C BANK CORP,0.17544878668903352,0.9049018272863266,0.6381870884641263,0.6846689756515876,0.17530027035742815,0.20780833394724008,-0.8086841919226616,3.231364848097986
P N C FINANCIAL SERVICES GRP INC,0,0.9210244916494184,0.6795880149770656,0.726101167777367,0.17148496205820332,0.1896571821185543,-1.2599384925318613,5.452146040725127
PREMIER FINANCIAL BANCORP INC,0,0.9214129721201617,0.3454410730910663,0.3175189242682891,0.24938706263384314,0.3358935920502927,0.43982709586431146,2.3993789283130935
PRIVATEBANCORP INC,0,0.9287853604655628,0.5775606351715417,0.6109962255479249,0.2113837726163152,0.2720737475241233,-0.813803965297887,3.062180055873805
PROSPERITY BANCSHARES INC,0,0.9466545683209153,0.6418779066886302,0.6903074716817077,0.23526828534133343,0.32656256924658855,-0.8781818480549511,2.874492294088249
PROVIDENT BANCORP INC DE,0,0.7018987266624264,0.4507345289921332,0.5416738383392443,0.2678363343552875,0.30769092548714205,-0.8016721462557792,2.245531412413919
PROVIDENT BANCORP INC NY,0,0.5898561149315422,0.3020547039558606,0.31931524611864226,0.17381842450966392,0.2708996835026235,-0.038910567253715625,2.092469209161805
PROVIDENT FINANCIAL HOLDINGS INC,0,0.9217131660672515,0.3468060580759487,0.3214618969006328,0.24594847820746318,0.30872000934328325,0.4040277323529408,2.411538803849285
PROVIDENT FINANCIAL SVCS INC,0.2278818244591908,0.9325522629411785,0.7101961746027963,0.742791243861224,0.17056449034954688,0.18815009836290242,-1.0752782725880206,3.6131466643768966
PROVIDENT NEW YORK BANCORP,0.20487186967209015,0.8824063924205828,0.6428159384059572,0.664044147786409,0.1538766203997513,0.24273571684306905,-0.7007917044031555,3.1574447853462946
Q C R HOLDINGS INC,0,0.9307178362016025,0.3571904642741493,0.3380546392896796,0.27441960886326233,0.4687945160606148,0.2700669172407911,1.848751071095669
QUAD CITY HOLDINGS INC,0.19278534284569482,0.9703662705531467,0.6130947560687059,0.672825641549593,0.2978339446263896,0.4385376327820684,-0.057660386988655325,1.6443825757903543
QUEENS COUNTY BANCORP INC,0.011795454332115707,0.9120048040525746,0.5024821877039104,0.4718515368330858,0.2446432524714847,0.27984197505903413,0.09571976518375515,2.449697491796526
REGIONS FINANCIAL CORP,0.18396509905305036,0.8973216654155175,0.5509148054379606,0.5647515570743877,0.20839377977087797,0.29896167010046776,-0.06762329757972359,2.027253433136156
REGIONS FINANCIAL CORP NEW,0.2457003990378578,0.983100647883884,0.6985434456272428,0.736032790321981,0.158926011710256,0.2138710790279228,-0.6995257611272944,3.0229098482370182
RENASANT CORP,0.20780890742635627,0.9366408226251275,0.6998362035689215,0.72617425154952,0.1648910834870727,0.1601827422210368,-1.2395748397464663,4.149557511254869
REPUBLIC FIRST BANCORP INC,0,0.8823683454761801,0.3572780612061479,0.35223046076150644,0.24878208744787705,0.3959169202246281,0.1669201928322126,2.027767569749848
ROCKVILLE FINANCIAL INC,0.20768688152655435,0.8811552600575551,0.5642208355566063,0.5637339844657989,0.1901822624493803,0.3404743908675618,-0.0980480842829668,1.869121155133757
ROCKVILLE FINANCIAL INC NEW,0,0.777500192131549,0.3740698879608408,0.3032793653026643,0.2597589334889305,0.4019041317550239,0.2675881686824488,1.7516722351883902
SANDY SPRING BANCORP INC,0.110946852488371,0.9142143236602102,0.6514391425947134,0.689820642511857,0.18547860158525561,0.24411402693634643,-0.8118634818952994,2.8849348208044
S C B T FINANCIAL CORP,0.09411257060277156,0.9000744386945554,0.5926056608663649,0.6596636824764239,0.18818446652445917,0.2038888094428758,-0.7858000524212716,3.2251195991095765
SIERRA BANCORP,0,0.8267939674041326,0.5096892804983479,0.5460371608948356,0.2292899874528658,0.2875827384912092,-0.779470667644289,2.8809444256733783
S I FINANCIAL GROUP INC,0,0.878251530555446,0.25860385610422787,0.23484098958001176,0.24643984034342709,0.3019665230716727,0.9994011956715295,3.540423692436358
S I FINANCIAL GROUP INC MD,0,0.7564425936126447,0.28873502874073487,0.2991720903706209,0.22022900162469208,0.3369362513995794,0.32153743153690767,2.105016652834247
SIGNATURE BANK NEW YORK N Y,0,0.8806974702055206,0.6288443391997683,0.6485286768510646,0.1833519233100794,0.20248286276791339,-1.4852780151936977,6.0445754974296735
SILICON VALLEY BANCSHARES,0.11693129583098538,0.9967583529053623,0.6023257055939483,0.6310994351616199,0.24533238507455296,0.30235109341289373,-0.3220767208521664,2.232900909820515
SOUTHERN FIRST BANCSHARES INC,0,0.8679547047287514,0.3622192811658385,0.32230835979824884,0.1965844473631882,0.25951041390624263,0.6576231027578341,3.211045955633299
SOUTHERN MISSOURI BANCORP INC,0,0.8205463669954278,0.37003849828262264,0.3251999931880365,0.20056041530093344,0.24380147345040915,0.3535400841641343,2.632562107057899
SOUTHERN NATIONAL BANCORP VA INC,0,0.7672199665268368,0.3157865442235297,0.31899711451233276,0.21277109281122217,0.31064017267310917,0.13495519168146258,2.1674182416127175
SOUTHERN NATIONAL CORP NC,0.22270776430392236,0.8792011013135324,0.6133843861602495,0.6686093381455016,0.20958499627725152,0.2662333226587015,-0.48607639454772583,2.1029455013567118
SOUTHSIDE BANCSHARES INC,0,0.9227120931237474,0.6048566978352297,0.643334525431001,0.2025392055550631,0.21282447198070364,-1.1153338532315011,4.1552759204677105
SOUTH STATE CORP,0.630636500038477,0.8676703469636624,0.764538407623399,0.7683252364866524,0.0699702390061855,0.11851409425988446,-0.20067700795880022,2.0346964175608835
SOUTH UMPQUA BANK,0.35696126188911503,0.9090911409922314,0.706319443733833,0.8529059283201527,0.3038544864686664,0.2760649395515582,-0.68000501237571,1.4999999999999996
SOUTHWEST BANCORP INC OKLA,0.04795637627277127,0.9632490451978444,0.5502173176206431,0.5749220976664318,0.20443215089499814,0.23041145507522043,-0.5589325618341221,3.1256246597534654
STATE BANK FINANCIAL CORP,0.17376139357063336,0.8446964206810741,0.6119688693497395,0.5974336040705773,0.16809191809179108,0.19088411512827186,-0.7206632284173546,3.2641491397767863
STATE STREET BOSTON CORP,0.293767941920994,0.8046333698696571,0.5096578024968866,0.46059130522799835,0.17348405672799644,0.2844457863803367,0.4359617869732254,1.837942619406276
STATE STREET CORP,0.17643976769359404,0.9279235903124186,0.6187152524042817,0.6379581945941686,0.16244142568304437,0.24908488517465455,-0.48735606951252775,2.6922008161224737
S & T BANCORP INC,0.06823785580753239,0.962208745682166,0.6572180494239602,0.7153933466823845,0.2066792857294863,0.2725246927770526,-0.9923586055056155,3.3335712028058966
STERLING BANCORP DEL,0.6515406244348656,0.9303416254752364,0.7599733001573437,0.7637657977336458,0.08849335146776069,0.1288911416073767,0.45067129030793773,2.1034828119701117
STOCK YARDS BANCORP INC,0.6583456195448572,0.9252732978115665,0.7767315080172087,0.7780870957309765,0.08471943700331,0.11626948317652686,0.1751265717155307,2.076754274634002
STONEGATE BANK,0.1214338730162402,0.7498670820559787,0.43781915938439975,0.48272981187663233,0.1806540475792887,0.2661425178912403,-0.23824207509575954,2.3131772822286667
SUFFOLK BANCORP,0,0.9492482965190758,0.5790260527080393,0.6339480845720524,0.22988505960964373,0.3119051238018535,-0.8889947796040466,3.2561281100470927
SUMMIT FINANCIAL GROUP INC,0,0.9803539175077678,0.39849607091638795,0.38407512875380356,0.23077201417209545,0.3296992163616259,0.2592438043195942,2.6724156987132544
SUNTRUST BANKS INC,0.028586638950265697,0.9413080144646524,0.6664077730013058,0.7185080374361867,0.1907824123521376,0.252044481674946,-1.0866636329610557,4.278793748885428
S V B FINANCIAL GROUP,0.264510183595117,0.9197007691005752,0.6693915104619316,0.6856919579939483,0.1514882843874687,0.2286429638502595,-0.7097114474369758,3.189728777205963
S Y BANCORP INC,0,0.9393656234636202,0.5498085998418049,0.6340193652250405,0.2602199850526658,0.3885093562490937,-0.6769773866343723,2.301922068217236
T C F FINANCIAL CORP,0.10136430777288574,0.942078032407628,0.6052747358475654,0.6401538712527228,0.19881405605469657,0.30513044457746263,-0.5120662703318982,2.5793103198869827
TEXAS CAPITAL BANCSHARES INC,0.30442955848508557,0.8980789341915567,0.6352099847813756,0.65608003603567,0.161478202227287,0.24475840642535673,-0.2877344285500264,2.25578415132704
TFS FINANCIAL CORP,0,0.8468712550973252,0.4639499796730276,0.46082986069662657,0.20568700884407648,0.2832058178220396,-0.3376380161723663,2.4579295196370055
TOMPKINS COUNTY TRUSTCO INC,0.16940005085163046,0.6700442514749637,0.36525186131461074,0.3107815714659244,0.23306877381031185,0.2954384783295906,0.49455646999631137,1.6432551396196886
TOMPKINS FINANCIAL CORP,0.35803469831750956,0.8684131794429409,0.6692407260231528,0.6948184361023998,0.13588927279398613,0.21767777333163474,-0.5407446490902308,2.229498945941502
TOMPKINS TRUSTCO INC,0,0.8036698460899522,0.45168604240241667,0.5120748227218526,0.23816520869523292,0.3176883840550413,-0.6900222888698477,2.452928904214109
TOWNEBANK,0.2456153600748483,0.8735732797527409,0.6229350611660653,0.6632921636550073,0.15121727000263496,0.2086353577410467,-0.6354926548536738,2.872696645745848
TRICO BANCSHARES,0,0.8949084633267336,0.587252328850367,0.6359712837171352,0.21483263259066387,0.2681169324672249,-0.960981957093863,3.257197348718498
TRUSTCO BANK CORP NY,0,0.9859795737645918,0.6614255501291162,0.7200533913207676,0.20363147735497036,0.22628555562954888,-1.1724786274402053,4.092124435293888
TRUSTMARK CORP,0.05975579162368805,0.9723444672905187,0.6928553618104095,0.7728023551739013,0.22006459232830675,0.3049534141119574,-0.9948986512273791,3.234577265490253
U M B FINANCIAL CORP,0.09194777630734008,0.9344670763507543,0.6172684905493042,0.6594295806784514,0.2251975327442807,0.35899841720649517,-0.600068578313556,2.353368440147368
UMPQUA HOLDINGS CORP,0,0.9094513977872195,0.6657562734518249,0.713777456005585,0.2034539021237534,0.27279182066057905,-1.1597723895460543,4.154002280188478
UNION BANKSHARES CORP,0,0.8862250730535519,0.5604210241772809,0.5815337586128475,0.20822460207654883,0.2811399024868376,-0.66085756129355,2.8975063744222975
UNION BANKSHARES CORP NEW,0.5697605074495053,0.847455818689912,0.7239294792110673,0.7197628362103873,0.08904139280800863,0.1411223394013812,-0.22530574514430188,1.7932559104235994
UNION FIRST BAMKSHARES CORP,0.45595341156583113,0.8952411801383732,0.6836231680418497,0.6716916732803028,0.13498082521662533,0.15306158275591253,-0.11625548531731865,2.1618411587832482
UNITED BANKSHARES INC,0,0.9889819442064395,0.6568118550166975,0.7684132786530813,0.2621775949075495,0.33411093780820456,-1.00559283908376,2.8565934158772714
UNITED COMMUNITY FINL CORP OHIO,0,0.922223838040898,0.5050877197273658,0.5174246213749353,0.21787153002498602,0.2742142678973232,-0.5390313268208465,2.7714475199095547
UNITED FINANCIAL BANCORP INC NEW,0.3524621221823787,0.8289363201749209,0.6446629057917723,0.6785557970086507,0.12966996905094055,0.14808534784682303,-0.8662034073019661,2.982495107939256
UNITED MISSOURI BANCSHARES INC,0.7931574729127301,0.7931574729127301,0.7931574729127301,0.7931574729127301,NA,0,NaN,NaN
UNITY BANCORP INC,0,0.838834778128273,0.3090622610952299,0.25895652216404763,0.2536580607564984,0.4089827944044647,0.500879057985254,2.124423966940651
UNIVEST CORP OF PENNSYLVANIA,0.10554267572912213,0.9368575472548546,0.664922519435727,0.6934239256238615,0.1776039551150033,0.17464061997213298,-1.241928708154095,4.68307473803363
USBANCORP INC PA,0,0.9304710092117229,0.4909790972885995,0.5842401295513066,0.2592757997390107,0.4597372452791645,-0.21056987637445151,1.975061848233119
VALLEY NATIONAL BANCORP,0,0.9687900448773914,0.5803649544019949,0.5703460242798684,0.22561794638299315,0.34454541900878444,-0.4653702136184759,2.4556690053046375
VIEWPOINT FINANCIAL GROUP,0,0.7897339783715174,0.46281663347443835,0.49491111599686677,0.28301048939119056,0.44342192738614405,-0.5126810831555779,1.774810775952945
VIEWPOINT FINANCIAL GROUP INC,0.10978919460841641,0.9110931554432742,0.5391891251073889,0.4846956476444972,0.23900041480082584,0.3402251562244119,0.02199953390626077,2.0492613506817468
WASHINGTON FEDERAL INC,0,0.8855712698179252,0.5790467313118,0.6076171293695469,0.20316920044598008,0.26395592141753893,-0.7275310166545416,3.3831255568876313
WASHINGTON FEDERAL SVGS & L ASSN,0.30243340997985446,0.9380325042390918,0.5293645267863739,0.3476276661401755,0.35463751499798,0.3177995471296186,0.6942094860239847,1.5
WASHINGTONFIRST BANCSHARES INC,0,0.9528935060775585,0.3655484823311175,0.3271130929224041,0.2657951458347346,0.5006463257494294,0.3069848885729736,2.309624863996739
WASHINGTON TRUST BANCORP INC,0,0.9431239553870688,0.6025822504066782,0.6660188950375123,0.22892213303592468,0.28950706992065445,-1.0141507116823811,3.3197688624108332
WATERSTONE FINANCIAL INC,0,0.8923575148854854,0.43163294037621197,0.4198783745306047,0.26961351117230936,0.3911410375153358,0.2649144136596738,2.0239161168781035
WATERSTONE FINANCIAL INC NEW,0.05183171367199346,0.7122296216701055,0.4791323106845823,0.4946061233715947,0.17588625973167182,0.1829755496911682,-0.9493113407456735,3.5405959564375746
WAUWATOSA HOLDINGS INC,0.12912310333632349,0.8145104061792194,0.4851230617502535,0.5736685989250652,0.22203602313133416,0.30503972399304546,-0.3828355857639683,1.9234078920614983
WEBSTER FINANCIAL CORP,0,0.9901693871723973,0.6146400360532452,0.6689369020164606,0.22756252915099687,0.3002674574978077,-0.8913734838264301,3.087466802918674
WELLS FARGO & CO NEW,0.18903594387211897,0.9052299602711745,0.6396683540277738,0.6822004221380127,0.1679445845346192,0.283055609511496,-0.4820156214790873,2.391059453299626
WESBANCO INC,0,0.9262767235042797,0.5856265772370458,0.6861734420855831,0.27409316707216685,0.3565153834882243,-0.8953055174093049,2.530170891117181
WESTAMERICA BANCORPORATION,0,0.9614849685464815,0.6312385404318992,0.6994620467661159,0.2411484828626166,0.265353366181448,-0.9862237804004318,3.1071700689154036
WEST BANCORPORATION INC,0,0.8470414627664373,0.5826420181116883,0.6420430621262873,0.21345034883680705,0.22256619450923332,-1.274220491005221,3.8232435976436374
WESTERN ALLIANCE BANCORPORATION,0.15068551781675876,0.9013525250234913,0.6725342398831472,0.7044902896979968,0.17377519747360812,0.2629283091911232,-0.9795992285653279,3.45910769213231
WESTERN NEW ENGLAND BANCORP INC,0.14462933977449355,0.7765790306386637,0.4656451177600183,0.470686050313458,0.25913298812193536,0.20130427903353498,-0.06623757133461863,1.968181979166299
WESTFIELD FINANCIAL INC,0,0.8097265159927172,0.3626850934302098,0.35211317453703295,0.23265921810785098,0.35340573892985105,0.08283476684317499,2.1487419541175115
WESTFIELD FINANCIAL INC NEW,0.5421039982755471,0.6359955858803865,0.5890497920779668,0.5890497920779668,0.06639137829175273,0.04694579380241959,0,0.9999999999999998
WINTRUST FINANCIAL CORPORATION,0,0.9033773569199959,0.5646700184180277,0.613003567372626,0.2608028801949564,0.41803101006328625,-0.5860068351183806,2.3176685791840375
WSFS FINANCIAL CORP,0,0.9743065468677498,0.4882836456404054,0.536866316932973,0.25286808871656274,0.40666085644886185,-0.26799205937844595,2.106229789480305
YADKIN FINANCIAL CORP,0.04884856005066285,0.8367042380903762,0.5404189459848728,0.6337002350807381,0.22295827035993485,0.27258060661385775,-0.8541755502096839,2.8262493075372683
YADKIN VALLEY BANK & TRUST CO,0,0.677219734599471,0.30887800625783013,0.28720899294462454,0.23686937980308626,0.35308146631823245,0.1788910596381065,1.7135983613981596
YADKIN VALLEY FINANCIAL CORP,0,0.8632940097642865,0.338106279598535,0.3237949804381747,0.23107206601287858,0.192848046947252,0.2978970749655596,2.711311667567735
ZIONS BANCORPORATION,0,0.9118000485254723,0.5410846351419119,0.6063732780847666,0.24736791061638616,0.36740554990998203,-0.4967429803745035,2.168854552724535
